"Review Number","Sentiment","Service Category","Recommendation","Intent Category"
2,"Positive","Mobile Banking Experience","Acknowledge and process request in Mobile Banking","Request"
3,"Positive","Savings Features","Acknowledge and thank for positive feedback on savings features","Opinion"
4,"Negative","Interest Rates and Account Management","Investigate account issue with interest rates","Issue"
5,"Negative","Account Transfer Experience","Investigate account transfer issues","Feedback"
6,"Positive","UI/UX Design","Investigate Improve UI/UX","Issue"
7,"Negative","Account Opening Process","Revisit account opening process design","Opinion"
8,"Positive","Account Accessibility and Transfer Issues","Thank you for your feedback. We will improve account accessibility.","Feedback"
9,"Negative","UI/UX Design","Design fixes for identified UI issues","Issue"
10,"Positive","Account Opening Process","Acknowledge praise gather more feedback","Feedback"
11,"Negative","Payee Management","Improve payee management interface","Feedback"
12,"Positive","Rewards and Cashback","Thank user for feedback consider implementing suggestion","Feedback"
13,"Negative","App Performance","Investigate app crashes improve performance","Issue"
14,"Positive","Digital Banking Services","Thank you for your feedback we appreciate it.","Feedback"
15,"Negative","Security Features","Improve security feature request","Request"
16,"Positive","UI/UX Design","Thank you for your feedback. Share your design ideas.","Feedback"
17,"Neutral","UI/UX Design","Request UI feedback from user","Request"
18,"Positive","App Features and Functionality","Thank the user for their positive feedback","Opinion"
19,"Positive","Interest Rates and Features","Thank the user for their feedback","Feedback"
20,"Positive","Account Transfer Experience","Acknowledge and thank for positive feedback","Feedback"
21,"Negative","Account Accessibility and Service Disruption","Investigate account access issue","Request"
22,"Positive","App Promotion and Usage","Thank user for feedback consider implementing suggested feature","Feedback"
23,"Neutral","App Performance","Acknowledge opinion gather more details","Opinion"
24,"Positive","App Features and Flexibility","Investigate and resolve issue promptly","Issue"
25,"Negative","App Features and Flexibility","Investigate and address user-requested feature","Request"
26,"Neutral","App Features and Flexibility","Request user for more specific feedback","Feedback"
27,"Positive","Account Opening Process","Send personalized welcome email","Feedback"
28,"Neutral","App Sign-Up Issues","Improve sign-up process based on user feedback","Feedback"
29,"Positive","App Features and Functionality","Acknowledge and thank user for valuable feedback","Feedback"
30,"Positive","App Sign-Up Issues","Verify sign-up process","Request"
31,"Negative","App Sign-Up Issues","Investigate sign-up problems","Issue"
32,"Positive","UI/UX Design","Thank you for your positive feedback on UI/UX design.","Opinion"
33,"Positive","Account Opening Process","Confirm account opening","Request"
34,"Positive","UI/UX Design","Thank you for the feedback! Share design ideas.","Feedback"
35,"Positive","UI/UX Design","Acknowledge and thank for positive feedback","Opinion"
36,"Positive","Convenience Features (Linking with Grab)","Investigate linking issue with Grab","Issue"
37,"Positive","Overall Satisfaction","Acknowledge issue provide solution","Issue"
38,"Negative","Goal Setting and Tracking","Improve user interface for goal setting","Opinion"
39,"Negative","App Development and Launch","Investigate UI issues based on user feedback","Feedback"
40,"Negative","Advertising Transparency","Review ad transparency policy","Opinion"
41,"Negative","Interest Rate Changes","Review interest rate algorithms","Feedback"
42,"Positive","App Access Issues","Acknowledge feedback thank user","Feedback"
43,"Positive","UI/UX Design","Thank you for your feedback. Share your design ideas.","Feedback"
44,"Positive","UI/UX Design","Thank you for your positive feedback on UI/UX. Keep it up!","Opinion"
45,"Positive","Overall Satisfaction","Thank user for feedback offer further assistance","Request"
46,"Positive","App Features and Functionality","Thank you for your positive feedback. Consider enhancing this feature further.","Feedback"
47,"Neutral","App Access and Security","Request security feedback details","Feedback"
48,"Negative","UI/UX Design","Revisit design for better user experience","Feedback"
49,"Positive","App Design and User Experience","Thank you for your positive feedback on design. Keep it up!","Opinion"
50,"Positive","Overall Satisfaction","Thank you for your positive feedback! Consider sharing your experience with others.","Feedback"
51,"Positive","Transparency and Trust","Acknowledge feedback thank user","Feedback"
52,"Positive","App Access and Security","Investigate app security issue promptly.","Issue"
53,"Positive","UI/UX Design","Thank you for your positive feedback on UI/UX. Consider sharing design ideas.","Feedback"
54,"Negative","App Features and Functionality","Revisit feature design based on user feedback","Feedback"
55,"Neutral","App Features and Functionality","Investigate feature issue","Issue"
56,"Positive","Account Opening Process","Acknowledge and thank for positive feedback","Feedback"
57,"Positive","UI/UX Design","Thank you for your positive feedback! Consider implementing more user-friendly UI features.","Request"
58,"Positive","App Issues and Support","Thank user for constructive feedback implement suggested improvements","Feedback"
59,"Positive","Account Management","Confirm account update","Request"
60,"Negative","App Performance and Service Recovery","Investigate performance issue prioritize fix.","Feedback"
61,"Negative","UI/UX Design","Revisit design principles","Opinion"
62,"Neutral","UI/UX Design","Design fixes for identified UI issues","Issue"
63,"Positive","Customer Service","Thank user for feedback ask for more details","Feedback"
64,"Positive","Overall Satisfaction","Thank you for your positive feedback. Share with others.","Feedback"
65,"Positive","Customer Service","Thank the customer for their feedback","Opinion"
66,"Positive","Interest Rates","Thank you for your positive feedback on interest rates. Consider sharing your experience with others.","Feedback"
67,"Positive","App Features and Functionality","Investigate and resolve the issue","Issue"
68,"Positive","UI/UX Design","Thank you for your feedback! Share more design ideas.","Feedback"
69,"Negative","Account Management","Investigate account issue promptly","Issue"
70,"Negative","Account Management","Investigate account issue","Issue"
71,"Negative","Technical Issues","Investigate app bugs prioritize fixes","Feedback"
72,"Negative","Technical Issues","Investigate issue prioritize fix.","Feedback"
73,"Negative","App Access and Security","Improve app security features","Feedback"
74,"Positive","Account Management","Review account issue provide solution","Issue"
75,"Positive","Loan Services","Investigate loan application issue","Issue"
76,"Negative","Loan Services","Investigate loan issue promptly","Issue"
77,"Negative","App Access Issues","Investigate access issues promptly","Issue"
78,"Negative","Interest Rates","Investigate high interest rates issue","Issue"
79,"Negative","Technical Issues","Investigate issue offer solution","Issue"
80,"Negative","Technical Issues","Investigate and resolve technical issue promptly","Issue"
81,"Positive","App Access and Security","Acknowledge feedback thank user","Feedback"
82,"Negative","Technical Issues","Investigate issue and provide resolution","Issue"
83,"Positive","Account Management","Investigate account issue promptly.","Issue"
84,"Positive","App Features and Functionality","Thank the user for their feedback consider implementing suggested features","Feedback"
85,"Negative","Account Opening Process","Investigate account opening issue","Issue"
86,"Negative","UI/UX Design","Revisit design for better user experience","Opinion"
87,"Positive","Account Opening Process","Review account opening process steps","Issue"
88,"Negative","App Issues and Support","Investigate and resolve issue","Issue"
89,"Positive","UI/UX Design","Thank you for your constructive feedback. Share design improvements.","Feedback"
90,"Negative","Account Opening Process","Investigate account opening issue","Issue"
91,"Positive","Account Opening Process","Thank user for positive feedback ask for more details on account opening process","Feedback"
92,"Positive","Account Opening Process","Investigate and resolve account opening issue","Issue"
93,"Negative","Customer Service","Review agent training","Feedback"
94,"Positive","App Features and Functionality","Thank user incorporate feedback","Feedback"
95,"Negative","Customer Service","Review agent training","Feedback"
96,"Negative","App Features and Functionality","Investigate and resolve reported bug","Issue"
97,"Negative","Account Opening Process","Investigate account opening issue","Issue"
98,"Positive","App Features and Functionality","Investigate and resolve the identified issue","Issue"
99,"Positive","Customer Service","Acknowledge resolution thank for feedback","Issue"
100,"Negative","Account Opening Process","Investigate account opening issue","Issue"
101,"Neutral"," UI/UX Design","Investigate UI/UX design issue","Issue"
102,"Positive"," Customer Service","Thank you for your feedback. Share with team.","Feedback"
103,"Positive"," Account Management","Investigate and resolve account issue promptly","Issue"
104,"Positive"," Interest Rates","Investigator: Check interest rate discrepancy","Issue"
105,"Negative"," App Features and Functionality","Investigate feature issue","Feedback"
106,"Negative"," Account Management","Review account management processes","Feedback"
107,"Positive","Technical Issues","Thank user for positive feedback on technical issues.","Opinion"
108,"Neutral","Account Management","Investigate account issue","Issue"
109,"Negative","Account Opening Process","Revisit account opening process","Feedback"
110,"Positive","UI/UX Design","Investigate design glitch","Issue"
111,"Positive","Account Management","Thank user for feedback improve account management features","Feedback"
112,"Negative","Account Access","Investigate account access problem","Issue"
113,"Positive","App Usability","Thank you for your valuable feedback. We'll consider improvements.","Feedback"
114,"Negative","Account Access","Investigate account access issue","Issue"
115,"Negative","App Authenticity","Investigate reported issue with app authenticity","Opinion"
116,"Positive","Savings Functionality","Thank user for feedback consider implementing suggested feature","Feedback"
117,"Positive","App Usability","Send thank you note and ask for more details","Request"
118,"Negative","Bill Payment Functionality","Investigate billing issues improve functionality","Feedback"
119,"Neutral","App Usability","Investigate usability issue","Issue"
120,"Negative","Savings Functionality","Investigate savings issue","Issue"
121,"Neutral","Account Access","Ask for specific improvement suggestions","Feedback"
122,"Neutral","App Usability","Request for detailed feedback on usability improvements","Feedback"
123,"Neutral","Currency Conversion","Ask for more specific feedback on currency conversion","Feedback"
124,"Positive","App Functionality","Investigate and resolve functional issue","Issue"
125,"Negative","Customer Service Experience","Review agent training","Feedback"
126,"Negative","Credit Card Services","Investigate issue with credit card services feedback","Feedback"
127,"Negative","Customer Service Experience","Investigate and resolve customer issue","Issue"
128,"Positive","Account Access","Investigate and resolve account access issue","Issue"
129,"Negative","Credit Card Services","Investigate credit card issue promptly","Issue"
130,"Positive","Credit Card Services","Follow up with user about resolved issue","Issue"
131,"Positive","Account Access","Thank user for feedback ask for more details","Feedback"
132,"Negative","Customer Service Experience","Investigate and resolve issue promptly","Issue"
133,"Negative","Rewards and Coupons","Investigate and resolve rewards program issue","Issue"
134,"Positive","Credit Card Services","Follow up with user to confirm issue resolution","Issue"
135,"Neutral","Credit Card Services","Acknowledge feedback request clarification","Feedback"
136,"Negative","Account Access","Investigate account access issue","Issue"
137,"Negative","Credit Card Services","Investigate transaction dispute","Issue"
138,"Positive","App Functionality","Thank you for your feedback! Continue enhancing app functionality.","Feedback"
139,"Neutral","Customer Service Experience","Investigate issue with customer service interaction","Issue"
140,"Negative","App Usability","Improve user interface design","Feedback"
141,"Negative","App Functionality","Investigate issue provide solution","Issue"
142,"Positive","Credit Card Services","Investigate and resolve issue promptly","Issue"
143,"Negative","App Usability","Investigate usability issue reported","Issue"
144,"Neutral","Customer Service Experience","Ask for specific feedback improvements","Feedback"
145,"Negative","Account Access","Investigate account access issue","Issue"
146,"Negative","Credit Card Services","Review credit card fees","Feedback"
147,"Negative","App Usability","Incorporate user feedback into design","Feedback"
148,"Negative","Customer Service Experience","Review agent training","Feedback"
149,"Positive","Credit Card Services","Thank user for valuable feedback implement suggested improvements","Feedback"
150,"Neutral","Credit Card Services","Review credit card rewards program","Feedback"
151,"Negative","Account Access","Investigate account access issues improve sign-in process","Feedback"
152,"Negative","Credit Card Services","Review credit card fees","Feedback"
153,"Negative","App Usability","Investigate usability issue","Issue"
154,"Negative","Customer Service Experience","Investigate issue with customer service interaction","Issue"
155,"Neutral","Account Access","Investigate account access issue","Issue"
156,"Negative","Credit Card Services","Investigate transaction dispute","Issue"
157,"Negative","Customer Service Experience","Investigate issue prioritize resolution","Issue"
158,"Negative","Credit Card Services","Investigate and resolve credit card issue","Issue"
159,"Negative","Customer Service Experience","Investigate issue with customer service interaction","Issue"
160,"Neutral","Credit Card Services","Investigate credit card issue","Issue"
161,"Neutral","Customer Service Experience","Investigate and resolve issue mentioned","Issue"
162,"Negative","Credit Card Services","Investigate credit card transaction issue","Issue"
163,"Neutral","Customer Service Experience","Investigate issue with customer service interaction","Issue"
164,"Neutral","Credit Card Services","Investigate credit card issue","Issue"
165,"Neutral","Customer Service Experience","Investigate issue with customer service interaction","Issue"
166,"Negative","Credit Card Services","Investigate credit card transaction issue","Issue"
167,"Negative","Customer Service Experience","Investigate issue with customer service","Issue"
168,"Negative","Credit Card Services","Investigate credit card transaction issue","Issue"
169,"Negative","Customer Service Experience","Investigate issue with customer service interaction","Issue"
170,"Negative","Credit Card Services","Investigate transaction dispute","Issue"
171,"Neutral","Customer Service Experience","Investigate issue with customer service interaction","Issue"
172,"Negative","Credit Card Services","Investigate transaction issue","Issue"
173,"Negative","Customer Service Experience","Investigate issue with customer service interaction","Issue"
174,"Negative","Credit Card Services","Investigate transaction issue","Issue"
175,"Negative","Customer Service Experience","Investigate issue offer resolution","Issue"
176,"Negative","Credit Card Services","Investigate transaction issue","Issue"
177,"Neutral","Customer Service Experience","Investigate issue with customer service interaction","Issue"
178,"Negative","Credit Card Services","Investigate transaction issue","Issue"
179,"Negative","Customer Service Experience","Investigate and resolve issue promptly","Issue"
180,"Negative","Credit Card Services","Investigate issue with credit card services","Issue"
181,"Negative","Customer Service Experience","Investigate issue with customer service interaction","Issue"
182,"Positive","Account Opening Experience","Acknowledge positive feedback","Opinion"
183,"Negative","Credit Card Application Process","Investigate application issue","Issue"
184,"Negative","Account Opening Experience","Investigate account opening issue","Issue"
185,"Negative","Account Opening Experience","Improve account opening process","Feedback"
186,"Positive","App Performance","Investigate and resolve performance issue","Issue"
187,"Negative","App Performance","Investigate performance issues","Feedback"
188,"Neutral","Credit Card Features","Investigate credit card feature issue","Issue"
189,"Negative","App Technical Issue","Investigate technical issue prioritize fix","Feedback"
190,"Negative","Login Issue","Investigate login problem","Issue"
191,"Negative","Login Issue","Investigate login issues improve user experience","Feedback"
192,"Negative","App Technical Issue","Investigate and resolve issue","Issue"
193,"Negative","Credit Card Application Process","Investigate application issue","Issue"
194,"Negative","Credit Card Application Process","Investigate application process issue","Issue"
195,"Negative","Savings Account Features","Review savings features feedback","Feedback"
196,"Negative","Credit Card Application Process","Investigate application delay","Issue"
197,"Negative","Savings Account Features","Investigate issue with savings account features","Issue"
198,"Negative","Credit Card Payment Issue","Investigate credit card payment issue","Issue"
199,"Negative","App Navigation","Improve App Navigation Based on User Feedback","Feedback"
200,"Negative","Credit Card Payment Notification","Investigate payment notification error","Issue"
201,"Negative","Account Opening Experience","Investigate account opening issue","Issue"
202,"Negative","App Technical Issue","Investigate and resolve technical issue","Issue"
203,"Negative","Login Issue","Investigate login issue","Issue"
204,"Negative","App Technical Issue","Investigate app crash issue","Feedback"
205,"Negative","App Technical Issue","Investigate and resolve issue","Feedback"
206,"Negative","Credit Card Application Process","Investigate application delay improve process","Issue"
207,"Negative","App Technical Issue","Investigate issue prioritize fix","Issue"
208,"Negative","Credit Card Application Process","Review application process improvements","Feedback"
209,"Negative","Late Payment Notification","Investigate late notifications","Issue"
210,"Negative","LinkPoints Redemption Process","Investigate redemption issue","Issue"
211,"Negative","Login Issue","Investigate login issue improve user experience","Feedback"
212,"Negative","Customer Service Experience","Review agent training","Feedback"
213,"Negative","Customer Service Experience","Review feedback with team improve communication","Feedback"
214,"Negative","Credit Card Application Process","Investigate application issue","Issue"
215,"Negative","App Technical Issue","Investigate issue provide solution","Issue"
216,"Negative","App Technical Issue","Investigate and resolve the technical issue","Issue"
217,"Negative","App Technical Issue","Investigate and resolve technical issue","Issue"
218,"Negative","Credit Card Application Process","Investigate application delay","Issue"
219,"Negative","Savings Account Features","Investigate and resolve issue with Savings Account Features","Issue"
220,"Negative","Credit Card Payment Issue","Investigate payment issue","Issue"
221,"Negative","Login Issue","Investigate login issue urgently","Issue"
222,"Negative","Customer Service Experience","Investigate and resolve issue promptly","Issue"
223,"Negative","Credit Card Payment Issue","Investigate credit card payment glitches","Feedback"
224,"Negative","App Performance","Investigate app crash issue","Issue"
225,"Negative","Login Issue","Investigate login issue","Issue"
226,"Negative","Account Opening Experience","Improve account opening process","Feedback"
227,"Negative","Payment Functionality","Investigate payment bugs improve user interface","Feedback"
228,"Negative","Notification Settings","Investigate notifications issue","Issue"
229,"Negative","Overall App Experience","Investigate and resolve identified issue","Issue"
230,"Negative","Account Opening Process","Investigate account opening issue","Issue"
231,"Negative","Technical Issue","Investigate technical issue promptly","Issue"
232,"Negative","Customer Service Experience","Investigate issue with customer service interaction","Issue"
233,"Negative","Account Opening Experience","Improve application process","Feedback"
234,"Negative","Credit Card Application Process","Investigate application delay issues","Issue"
235,"Negative","Savings Account Features","Investigate account issue offer resolution","Issue"
236,"Negative","Technical Issue","Investigate issue provide solution","Feedback"
237,"Negative","Savings Account Features","Investigate issue with Savings Account Features","Issue"
238,"Negative","App Performance","Investigate performance issues improve app speed.","Feedback"
239,"Negative","Payment Functionality","Investigate payment issue","Issue"
240,"Negative","App Navigation","Investigate navigation issue","Issue"
241,"Negative","Login Issue","Investigate login issue","Issue"
242,"Negative","Account Opening Experience","Investigate account opening issue","Issue"
243,"Negative","Credit Card Application Process","Review application process improvements","Feedback"
244,"Negative","App Performance","Investigate app lag issue","Issue"
245,"Negative","Account Opening Experience","Improve onboarding process","Feedback"
246,"Negative","App Technical Issue","Investigate app issue and provide solution","Issue"
247,"Negative","App Technical Issue","Investigate and resolve technical issue","Issue"
248,"Negative","App Technical Issue","Investigate issue prioritize fix","Issue"
249,"Negative","Credit Card Application Process","Investigate application delay issues","Issue"
250,"Negative","App Technical Issue","Investigate and resolve technical issue","Feedback"
251,"Neutral","App Login Issue","Investigate login issues","Issue"
252,"Negative","Technical Issue","Investigate issue provide solution","Issue"
253,"Negative","Notification Functionality","Investigate and resolve notification issues","Issue"
254,"Positive","Rewards Program","Thank user for feedback consider enhancing rewards program","Feedback"
255,"Positive","Account Opening Experience","Thank user for feedback improve onboarding process","Feedback"
256,"Positive","Security Measures","Thank user for feedback consider enhancing security features","Feedback"
257,"Negative","Rewards Program","Investigate rewards program glitch","Issue"
258,"Positive","Login Issue","Investigate login issue prioritize fix","Issue"
259,"Positive","Account Security","Acknowledge appreciation request more feedback","Feedback"
260,"Negative","Technical Issue","Investigate technical issue promptly","Issue"
261,"Negative","Savings Account Features","Investigate issue with savings account features","Issue"
262,"Positive","Customer Service Experience","Follow up with customer resolve issue promptly","Issue"
263,"Negative","Rewards Program","Investigate rewards program issues","Feedback"
264,"Negative","Rewards Program","Investigate reward program issues","Feedback"
265,"Neutral","Account Opening Experience","Request more details on user experience improvements","Feedback"
266,"Neutral","Payment Functionality","Investigate payment glitch","Issue"
267,"Neutral","App Performance","Investigate app lag issue","Issue"
268,"Negative","Rewards Program","Investigate reward points issue","Issue"
269,"Neutral","App Functionality","Investigate functionality issue","Issue"
270,"Negative","Technical Issue","Investigate and resolve issue","Issue"
271,"Neutral","Rewards Program","Investigate rewards program issue","Issue"
272,"Neutral","App Performance","Investigate app lag issue","Issue"
273,"Positive","Account Opening Experience","Acknowledge and thank for feedback","Feedback"
274,"Negative","App Performance","Investigate app crashes improve performance","Issue"
275,"Neutral","Technical Issue","Investigate issue prioritize fix","Issue"
276,"Negative","Technical Issue","Investigate technical issue urgently","Issue"
277,"Neutral","Customer Service Experience","Investigate issue maintain status quo","Issue"
278,"Positive","Rewards Program","Investigate and resolve rewards program issue","Issue"
279,"Neutral","Technical Issue","Investigate issue provide solution","Issue"
280,"Negative","Account Opening Experience","Investigate account opening process issues","Feedback"
281,"Neutral","Savings Account Features","Investigate issue with Savings Account Features","Issue"
282,"Negative","App Functionality","Review app functionality feedback with development team","Feedback"
283,"Neutral","Technical Issue","Investigate issue prioritize fix","Issue"
284,"Negative","Rewards Program","Investigate and resolve rewards program issue","Issue"
285,"Neutral","Customer Service Experience","Review case offer solution","Issue"
286,"Neutral","Technical Issue","Investigate issue provide update","Issue"
287,"Negative","Rewards Program","Investigate rewards glitch","Issue"
288,"Negative","Rewards Program","Investigate and resolve rewards program issue","Issue"
289,"Negative","App Functionality","Investigate app issue prioritize fix","Issue"
290,"Negative","App Performance","Investigate performance issues","Feedback"
291,"Negative","Technical Issue","Investigate issue prioritize fix.","Issue"
292,"Negative","Rewards Program","Investigate reward point discrepancy","Issue"
293,"Negative","App Functionality","Investigate and fix functionality issue","Issue"
294,"Neutral","Customer Service Experience","Investigate issue with CS experience","Issue"
295,"Neutral","Technical Issue","Investigate issue promptly","Issue"
296,"Negative","Rewards Program","Investigate rewards program issue","Issue"
297,"Negative","App Functionality","Investigate and fix functionality issue","Issue"
298,"Neutral","App Performance","Investigate app lag issues","Issue"
299,"Negative","Account Opening Experience","Investigate account opening issue","Issue"
300,"Neutral","Technical Issue","Investigate issue provide solution","Issue"
301,"Negative","Rewards Program","Investigate rewards program glitch","Issue"
302,"Negative","Account Opening Experience","Investigate account opening issue","Issue"
303,"Negative","Technical Issue","Investigate issue provide solution","Feedback"
304,"Neutral","App Functionality","Investigate and fix functionality issue","Issue"
305,"Negative","Rewards Program","Investigate rewards program issue","Issue"
306,"Neutral","Technical Issue","Investigate issue with technical service","Issue"
307,"Neutral","Rewards Program","Investigate rewards glitch","Issue"
308,"Negative","Account Opening Experience","Investigate account opening issue","Issue"
309,"Neutral","Customer Service Experience","Investigate issue ensure resolution","Issue"
310,"Negative","App Performance","Investigate app crashes","Issue"
311,"Neutral","Technical Issue","Investigate issue provide solution","Issue"
312,"Negative","Rewards Program","Investigate rewards glitch","Issue"
313,"Neutral","App Functionality","Gather more user feedback on functionality","Feedback"
314,"Neutral","Technical Issue","Investigate issue maintain user engagement","Issue"
315,"Neutral","Rewards Program","Investigate rewards glitch","Issue"
316,"Neutral","App Functionality","Investigate app issue","Issue"
317,"Negative","Customer Service Experience","Investigate and resolve issue promptly","Issue"
318,"Negative","Technical Issue","Investigate issue provide solution","Issue"
319,"Negative","Rewards Program","Investigate rewards glitch","Issue"
320,"Neutral","Account Opening Experience","Investigate account opening glitches","Issue"
321,"Positive","Rewards Program","Acknowledge and thank user for their feedback","Feedback"
322,"Negative","Credit Card Application Process","Investigate application process issue","Issue"
323,"Positive","UI/UX Design","Thank you for your positive feedback on our UI/UX design.","Opinion"
324,"Positive","Foreign Exchange Services","Thank user for feedback continue improving service","Feedback"
325,"Positive","Rewards Program","Thank user for feedback consider adding requested feature","Feedback"
326,"Negative","Account Opening Experience","Investigate account opening issue","Issue"
327,"Neutral","Technical Issues","Investigate technical issue","Request"
328,"Positive","App Maintenance","Acknowledge appreciation thank for feedback","Opinion"
329,"Negative","UI/UX Design","Revisit design for better user experience","Feedback"
330,"Negative","Credit Card Application Process","Investigate application processing delays","Issue"
331,"Neutral","Technical Issues","Investigate technical issue","Issue"
332,"Positive","Family Sharing","Investigate family sharing bug","Issue"
333,"Neutral","Technical Issues","Review app stability feedback","Feedback"
334,"Positive","Payment Process","Thank user for feedback request more details about their positive payment experience","Feedback"
335,"Positive","Technical Issues","Thank user for feedback improve app stability","Feedback"
336,"Negative","Rewards Program","Investigate rewards glitch","Issue"
337,"Positive","Account Customization","Acknowledge and thank for customization feedback","Feedback"
338,"Positive","UI/UX Design","Thank you for your positive feedback on our UI/UX design. Continue the good work.","Feedback"
339,"Neutral","Technical Issues","Investigate issue provide update","Issue"
340,"Positive","Technical Issuesv","Investigate and resolve technical issue","Issue"
341,"Negative","Technical Issues","Investigate technical issue urgently","Issue"
342,"Neutral","Customer Service Experience","Review issue with agent","Issue"
343,"Negative","Card Usage Experience","Investigate card design issues","Feedback"
344,"Positive","UI/UX Design","Investigate and resolve UI/UX design issue","Issue"
345,"Negative","Technical Issues","Investigate technical issue promptly","Issue"
346,"Positive","Technical Issues","Investigate and resolve issue promptly","Issue"
347,"Neutral","Technical Issues","Investigate technical issue","Issue"
348,"Positive","Technical Issues","Investigate issue promptly","Issue"
349,"Neutral","Card Usage Experience","Investigate card usage issue","Issue"
350,"Negative","Technical Issues","Investigate technical issue improve UI","Feedback"
351,"Negative","Technical Issues","Investigate and resolve technical issue","Issue"
352,"Negative","Technical Issues","Investigate app crashes improve stability","Feedback"
353,"Negative","Technical Issues","Investigate and resolve technical issue","Issue"
354,"Negative","Technical Issues","Investigate and resolve technical issue","Issue"
355,"Negative","Technical Issues","Investigate and resolve technical issue","Issue"
356,"Neutral","Technical Issues","Investigate issue promptly","Issue"
357,"Neutral","Technical Issues","Investigate issue prioritize fix","Issue"
358,"Negative","Technical Issues","Investigate issue prioritize fix.","Issue"
359,"Negative","Technical Issues","Investigate and resolve technical issue","Issue"
360,"Negative","Technical Issues","Investigate technical issue gather user details.","Feedback"
361,"Negative","Technical Issues","Investigate issue prioritize fix","Issue"
362,"Neutral","Technical Issues","Investigate technical issue promptly","Issue"
363,"Negative","Technical Issues","Investigate technical issue promptly.","Issue"
364,"Negative","Technical Issues","Investigate and resolve technical issue","Issue"
365,"Neutral","Technical Issues","Investigate and resolve issue","Issue"
366,"Negative","Technical Issues","Investigate technical issue","Issue"
367,"Negative","Technical Issues","Investigate technical issue urgently","Issue"
368,"Negative","Technical Issues","Investigate and resolve technical issue","Issue"
369,"Neutral","Technical Issues","Investigate and resolve technical issue","Issue"
370,"Negative","Technical Issues","Investigate technical issue","Issue"
371,"Negative","Technical Issues","Investigate issue prioritize fix","Issue"
372,"Negative","Technical Issues","Investigate technical issue urgently","Issue"
373,"Negative","Technical Issues","Investigate technical issue urgently","Issue"
374,"Negative","Technical Issues","Investigate technical issue prioritize fix","Feedback"
375,"Neutral","Technical Issues","Investigate technical glitch","Issue"
376,"Neutral","Technical Issues","Investigate issue maintain transparency","Issue"
377,"Negative","Technical Issues","Investigate and resolve technical issue","Issue"
378,"Negative","Technical Issues","Investigate and resolve tech issue","Issue"
379,"Negative","Technical Issues","Investigate and resolve technical glitches","Issue"
380,"Negative","Technical Issues","Troubleshoot technical issue","Issue"
381,"Negative","Technical Issues","Investigate issue prioritize fix","Issue"
382,"Negative","Technical Issues","Investigate and resolve technical issues","Issue"
383,"Neutral","Technical Issues","Investigate issue with technical service","Issue"
384,"Negative","Technical Issues","Investigate and resolve technical issue","Issue"
385,"Negative","Technical Issues","Investigate and resolve issue","Issue"
386,"Negative","Technical Issues","Investigate app crashes prioritize fixes.","Feedback"
387,"Negative","Technical Issues","Investigate and resolve technical issue","Issue"
388,"Negative","Technical Issues","Investigate technical issue","Issue"
389,"Neutral","Technical Issues","Investigate technical issue","Issue"
390,"Negative","Technical Issues","Investigate issue offer solution","Issue"
391,"Neutral","Technical Issues","Investigate technical issue","Issue"
392,"Negative","Technical Issues","Investigate Address Technical Issue Swift Response","Feedback"
393,"Negative","Exchange Rates","Investigate exchange rate discrepancy","Issue"
394,"Negative","User Experience","Investigate UI issues improve user experience","Request"
395,"Positive","Technical Issues","Investigate issue provide solution","Issue"
396,"Positive","User Experience","Thank the user for their feedback","Opinion"
397,"Negative","Technical Issues","Investigate and resolve technical issue","Issue"
398,"Negative","User Experience","Design overhaul based on user feedback","Feedback"
399,"Negative","Technical Issues","Investigate and resolve technical issue","Issue"
400,"Positive","User Experience","Investigate UI glitch","Issue"
401,"Positive","Technical Issues","Acknowledge and thank for positive feedback on technical issues","Opinion"
402,"Negative","User Experience","Investigate and resolve UI issue","Issue"
403,"Negative","Technical Issues","Investigate technical issue improve app stability","Feedback"
404,"Positive","User Experience","Thank you for the constructive feedback. We will consider enhancing our user experience.","Feedback"
405,"Negative","Technical Issues","Investigate and resolve technical issue","Issue"
406,"Negative","User Experience","Review UI design with users","Feedback"
407,"Negative","Technical Issues","Investigate app crash issue","Feedback"
408,"Negative","User Experience","Investigate UI bug","Issue"
409,"Negative","Technical Issues","Investigate technical glitch","Feedback"
410,"Negative","User Experience","Revisit UI design based on user feedback","Feedback"
411,"Negative","Technical Issues","Investigate issue provide solution","Issue"
412,"Negative","User Experience","Investigate UI bug","Issue"
413,"Negative","Technical Issues","Investigate and resolve technical issue","Issue"
414,"Negative","User Experience","Investigate UI glitches","Issue"
415,"Negative","Technical Issues","Investigate issue prioritize fix","Issue"
416,"Negative","User Experience","Revisit UI design based on user feedback","Feedback"
417,"Negative","Technical Issues","Investigate technical issue promptly","Issue"
418,"Negative","User Experience","Review UI improvements","Feedback"
419,"Negative","Technical Issues","Investigate issue prioritize fix","Issue"
420,"Negative","User Experience","Investigate UI bug","Issue"
421,"Negative","Technical Issues","Investigate and resolve issue promptly","Issue"
422,"Negative","User Experience","Investigate UI glitch issue","Issue"
423,"Negative","Technical Issues","Investigate app bug notify users","Feedback"
424,"Negative","User Experience","Investigate UX issue: 'App crashes frequently'","Issue"
425,"Negative","Technical Issues","Investigate and resolve technical issue","Issue"
426,"Negative","User Experience","Investigate UI glitch","Issue"
427,"Negative","Technical Issues","Investigate technical issue urgently","Issue"
428,"Negative","User Experience","Investigate UI bug","Issue"
429,"Negative","Technical Issues","Investigate and resolve technical issue","Issue"
430,"Negative","User Experience","Investigate UX issue reported.","Issue"
431,"Negative","Technical Issues","Investigate technical issue","Issue"
432,"Negative","User Experience","Investigate UI bug","Issue"
433,"Negative","Technical Issues","Investigate and resolve technical glitch","Issue"
434,"Negative","User Experience","Investigate UI bug","Issue"
435,"Negative","Technical Issues","Investigate technical glitch","Issue"
436,"Negative","User Experience","Investigate UX issue causing frustration","Issue"
437,"Negative","Technical Issues","Investigate technical issue improve app stability","Feedback"
438,"Negative","User Experience","Identify and fix UI bugs","Issue"
439,"Negative","Technical Issues","Investigate and resolve technical issue","Issue"
440,"Negative","User Experience","Investigate and resolve UI bug","Issue"
441,"Negative","Technical Issues","Investigate technical issue urgently","Issue"
442,"Negative","User Experience","Gather detailed feedback improve UX design","Feedback"
443,"Negative","Technical Issues","Investigate technical issue","Issue"
444,"Negative","User Experience","Investigate UI bug","Issue"
445,"Negative","Technical Issues","Investigate and resolve technical issue","Issue"
446,"Negative","User Experience","Investigate UI glitches","Issue"
447,"Negative","Technical Issues","Investigate technical issue improve app performance","Feedback"
448,"Negative","User Experience","Investigate UI bug","Issue"
449,"Negative","Technical Issues","Investigate technical issue promptly","Issue"
450,"Negative","User Experience","Investigate UI glitch issue","Issue"
451,"Negative","Technical Issues","Investigate technical issue gather logs","Feedback"
452,"Negative","User Experience","Investigate UI bugs","Issue"
453,"Negative","Technical Issues","Investigate technical glitch prioritize fix","Feedback"
454,"Negative","User Experience","Investigate UI bug","Issue"
455,"Negative","Technical Issues","Investigate and resolve technical issue","Issue"
456,"Negative","User Experience","Gather specific feedback improve UX","Feedback"
457,"Negative","Technical Issues","Investigate app crashes prioritize fixes","Feedback"
458,"Negative","User Experience","Investigate user interface bug","Issue"
459,"Negative","Technical Issues","Investigate technical issue promptly","Issue"
460,"Negative","User Experience","Investigate UI bug","Issue"
461,"Negative","Technical Issues","Investigate and address technical issues (461)","Feedback"
462,"Positive","Interest Rates & Savings","Thank user for positive feedback encourage more savings actions","Opinion"
463,"Negative","Technical Issues","Investigate app crash issue","Issue"
464,"Neutral","User Experience","Investigate user interface improvements","Request"
465,"Positive","Rewards & Offers","Thank user for positive feedback ask for more ideas on improving rewards program.","Opinion"
466,"Positive","Rewards & Offers","Thank user for feedback enhance rewards program","Feedback"
467,"Negative","Technical Issues","Investigate technical issue","Issue"
468,"Negative","Technical Issues","Investigate and resolve technical issue","Issue"
469,"Negative","Technical Issues","Investigate technical issue gather user data","Feedback"
470,"Positive","Technical Issues","Thank user for feedback ask for more details","Feedback"
471,"Negative","Technical Issues","Investigate and resolve technical issue","Request"
472,"Negative","Technical Issues","Investigate and resolve technical issue","Issue"
473,"Negative","Technical Issues","Investigate Improve Report Back","Feedback"
474,"Neutral","Technical Issues","Investigate and resolve technical issue","Issue"
475,"Negative","Technical Issues","Investigate issue prioritize fix","Issue"
476,"Negative","Technical Issues","Investigate technical issue prioritize fix","Feedback"
477,"Neutral","Technical Issues","Investigate issue promptly.","Issue"
478,"Negative","Technical Issues","Investigate and resolve technical issue","Issue"
479,"Negative","Technical Issues","Investigate technical issue reported","Issue"
480,"Negative","Technical Issues","Investigate and resolve technical glitches","Issue"
481,"Negative","Technical Issues","Investigate reported issue prioritize fix.","Feedback"
482,"Negative","Rewards & Offers","Investigate & Resolve Rewards Issue","Issue"
483,"Negative","Technical Issues","Investigate technical issue promptly","Issue"
484,"Negative","Technical Issues","Investigate and fix reported technical issue","Feedback"
485,"Negative","Technical Issues","Investigate technical glitches gather user feedback","Feedback"
486,"Negative","Technical Issues","Investigate technical issue","Issue"
487,"Positive","Technical Issues","Investigate issue and provide solution","Issue"
488,"Negative","Technical Issues","Investigate issue provide resolution","Issue"
489,"Negative","Technical Issues","Investigate technical glitch","Feedback"
490,"Negative","Technical Issues","Investigate app crash issue","Issue"
491,"Negative","Technical Issues","Investigate technical issue","Issue"
492,"Negative","Technical Issues","Investigate app crashes provide temporary solution","Issue"
493,"Neutral","Technical Issues","Investigate issue prioritize fix","Issue"
494,"Negative","Technical Issues","Investigate app crashes improve stability","Feedback"
495,"Negative","Technical Issues","Investigate technical issue urgently","Issue"
496,"Negative","Technical Issues","Investigate Report Fix Test Notify","Feedback"
497,"Negative","Technical Issues","Investigate app crashes gather user data","Feedback"
498,"Neutral","Technical Issues","Request more detailed feedback","Feedback"
499,"Positive","Technical Issues","Thank user for feedback request more details","Feedback"
500,"Negative","Technical Issues","Investigate Resolve technical issue","Issue"
501,"Negative","Technical Issues","Investigate and resolve technical issue","Issue"
502,"Neutral","Technical Issues","Investigate issue gather more info","Feedback"
503,"Negative","Technical Issues","Investigate address technical issue promptly","Feedback"
504,"Negative","Technical Issues","Investigate and resolve technical issue","Issue"
505,"Neutral","Technical Issues","Investigate and resolve technical issue","Issue"
506,"Negative","Technical Issues","Investigate issue provide solution","Issue"
507,"Neutral","Technical Issues","Investigate technical issue","Issue"
508,"Negative","Technical Issues","Investigate reported technical issue","Feedback"
509,"Negative","Technical Issues","Investigate technical issue improve app stability","Feedback"
510,"Negative","Technical Issues","Investigate and resolve technical issue","Issue"
511,"Neutral","Technical Issues","Investigate technical issue","Issue"
512,"Negative","Technical Issues","Investigate reported issue provide update","Feedback"
513,"Neutral","Technical Issues","Investigate reported technical issue","Feedback"
514,"Negative","Technical Issues","Investigate and resolve technical issue","Issue"
515,"Negative","Technical Issues","Investigate app crashes prioritize fixes","Feedback"
516,"Negative","Technical Issues","Investigate technical issue improve app stability","Feedback"
517,"Negative","Technical Issues","Investigate technical problem","Issue"
518,"Negative","Technical Issues","Investigate and resolve technical issue","Issue"
519,"Negative","Technical Issues","Investigate and address reported technical issue","Feedback"
520,"Negative","Technical Issues","Investigate technical glitch urgently","Issue"
521,"Negative","Technical Issues","Investigate technical issue","Issue"
522,"Negative","Technical Issues","Investigate technical issue reported","Issue"
523,"Negative","Technical Issues","Investigate bug improve user interface","Feedback"
524,"Neutral","Technical Issues","Investigate technical issue prioritize fix","Issue"
525,"Negative","Technical Issues","Investigate and resolve technical issues promptly","Feedback"
526,"Negative","Technical Issues","Investigate and resolve issue promptly","Issue"
527,"Negative","Technical Issues","Investigate issue prioritize fix","Issue"
528,"Neutral","Technical Issues","Investigate app crash issue","Issue"
529,"Negative","Technical Issues","Investigate technical issue promptly","Issue"
530,"Negative","Technical Issues","Investigate and resolve technical issue","Issue"
531,"Negative","Technical Issues","Investigate and resolve technical issue","Issue"
532,"Neutral","User Experience","Investigate UI bug","Issue"
533,"Negative","Technical Issues","Investigate issue prioritize fix","Issue"
534,"Positive","User Experience","Thank you for your valuable feedback. Share design ideas.","Feedback"
535,"Negative","Technical Issues","Investigate technical issue","Issue"
536,"Positive","Rewards & Offers","Thank user for feedback enhance rewards program","Feedback"
537,"Negative","Technical Issues","Investigate technical issue reported","Issue"
538,"Negative","Technical Issues","Investigate technical issue promptly","Issue"
539,"Positive","Technical Issues","Thank you for the valuable feedback. Share with development team.","Feedback"
540,"Negative","Technical Issues","Investigate and resolve technical issues","Feedback"
541,"Negative","Technical Issues","Identify issue prioritize fix","Issue"
542,"Negative","Technical Issues","Investigate tech issue prioritize fix","Issue"
543,"Negative","Technical Issues","Investigate issue improve app stability","Feedback"
544,"Positive","Technical Issues","Thank user for feedback improve app stability","Feedback"
545,"Positive","Technical Issues","Thank you for your feedback. Share your experience with our dev team.","Feedback"
546,"Negative","Technical Issues","Investigate technical glitch","Issue"
547,"Positive","Technical Issues","Investigate and resolve technical issue","Issue"
548,"Negative","Technical Issues","Investigate Improve App Stability","Feedback"
549,"Negative","Technical Issues","Investigate app crashes improve stability","Feedback"
550,"Negative","Technical Issues","Investigate and resolve technical issue","Issue"
551,"Negative","Technical Issues","Investigate and resolve technical issue","Issue"
552,"Positive","Technical Issues","Thank user for feedback investigate issue","Feedback"
553,"Negative","Technical Issues","Investigate technical issue improve app performance","Feedback"
554,"Negative","Technical Issues","Investigate technical issue reported","Issue"
555,"Negative","Technical Issues","Investigate technical issue improve app stability","Feedback"
556,"Positive","Technical Issues","Acknowledge feedback thank user","Feedback"
557,"Negative","Technical Issues","Investigate technical issue urgently","Issue"
558,"Negative","Technical Issues","Investigate reported issue provide resolution","Feedback"
559,"Negative","Technical Issues","Investigate and fix app crashes","Feedback"
560,"Negative","Technical Issues","Investigate Report bug Improve performance","Feedback"
561,"Negative","Technical Issues","Investigate and resolve tech issue","Issue"
562,"Negative","Technical Issues","Investigate technical issue improve app stability","Feedback"
563,"Positive","Technical Issues","Thank user for feedback ask for more details","Feedback"
564,"Negative","Technical Issues","Investigate issue and provide resolution","Issue"
565,"Negative","Technical Issues","Investigate technical issue reported","Issue"
566,"Neutral","Technical Issues","Investigate issue ensure quick resolution","Issue"
567,"Positive","Technical Issues","Investigate issue and provide solution","Issue"
568,"Negative","Technical Issues","Investigate and resolve technical issues","Issue"
569,"Positive","Technical Issues","Investigate issue promptly","Issue"
570,"Negative","Technical Issues","Investigate and fix reported bug","Feedback"
571,"Negative","Technical Issues","Investigate technical issue","Issue"
572,"Negative","Technical Issues","Investigate technical issue immediately","Issue"
573,"Negative","Technical Issues","Investigate app crashes prioritize bug fixes","Feedback"
574,"Positive","Technical Issues","Thank user for feedback continue improving app","Feedback"
575,"Negative","Technical Issues","Investigate and resolve technical issue","Issue"
576,"Positive","Technical Issues","Thank user for feedback consider implementing suggested feature","Feedback"
577,"Negative","Technical Issues","Investigate app crashes and improve stability","Feedback"
578,"Positive","Technical Issues","Investigate issue promptly.","Issue"
579,"Negative","Technical Issues","Investigate and resolve technical issue","Issue"
580,"Negative","Technical Issues","Investigate improve app stability","Feedback"
581,"Neutral","Technical Issues","Investigate technical issue gather user feedback","Feedback"
582,"Negative","Technical Issues","Investigate technical issue prioritize fix","Issue"
583,"Negative","Technical Issues","Investigate technical issue urgently","Issue"
584,"Positive","Technical Issues","Thank user for feedback ask for more details","Feedback"
585,"Negative","Technical Issues","Investigate tech issue gather logs","Feedback"
586,"Negative","Technical Issues","Investigate technical issue","Issue"
587,"Negative","Technical Issues","Identify diagnose and resolve technical glitch","Issue"
588,"Negative","Technical Issues","Investigate technical glitch","Issue"
589,"Positive","Technical Issues","Thank user for feedback request more details.","Feedback"
590,"Negative","Technical Issues","Investigate technical issue gather logs","Feedback"
591,"Neutral","Technical Issues","Investigate issue provide update","Issue"
592,"Positive","Technical Issues","Investigate issue promptly","Issue"
593,"Negative","Technical Issues","Investigate and resolve technical issue","Issue"
594,"Negative","Technical Issues","Investigate app crash issue","Issue"
595,"Positive","Technical Issues","Investigate and resolve issue promptly","Issue"
596,"Negative","Technical Issues","Investigate technical issue","Issue"
597,"Positive","Technical Issues","Thank user for feedback request more details","Feedback"
598,"Negative","Technical Issues","Investigate Improve App Stability","Feedback"
599,"Positive","Technical Issues","Thank you for your feedback. Share feature ideas.","Feedback"
600,"Positive","Technical Issues","Investigate and resolve identified technical issue","Issue"
601,"Negative","User Experience","Investigate UI bug","Issue"
698,"Negative","Biometric Authentication","Investigate biometric issue","Issue"
699,"Negative","App Usability","Improve app design for better user experience","Opinion"
700,"Negative","Biometric Authentication","Investigate biometric issue promptly","Issue"
701,"Negative","Application Process","Investigate application issues","Issue"
702,"Neutral","Application Process","Review application process steps","Issue"
703,"Positive","Login Issue","Acknowledge and thank for positive feedback","Opinion"
704,"Negative","App Usability","Usability improvements based on user feedback","Feedback"
705,"Positive","Banking Features","Thank user for feedback enhance banking features","Feedback"
706,"Positive","Banking Features","Thank you for your feedback! We'll consider enhancing the banking features.","Feedback"
707,"Negative","App Usability","Incorporate user feedback into design.","Feedback"
708,"Neutral","Banking Features","Acknowledge opinion ask for more details","Opinion"
709,"Negative","Banking Features","Investigate issue with banking feature requests","Request"
710,"Negative","App Usability","Gather more user feedback improve usability","Feedback"
711,"Neutral","Interest Rates","Analyze user feedback consider updates","Feedback"
712,"Positive","Interest Rates","Acknowledge and provide updated interest rates.","Request"
713,"Positive","Login Issue","Thank user for feedback improve login process","Feedback"
714,"Neutral","Login Issue","Investigate login issues seek user feedback","Feedback"
715,"Positive","Application Process","Acknowledge and thank for positive feedback on application process","Feedback"
716,"Neutral","App Usability","Request usability improvements","Feedback"
717,"Negative","App Usability","Investigate and resolve usability issue","Issue"
718,"Negative","App Usability","Identify investigate and resolve usability issue","Issue"
719,"Negative","App Usability","Investigate app crashes improve stability","Issue"
720,"Negative","Biometric Authentication","Review biometric settings","Opinion"
721,"Neutral","App Usability","Investigate app usability issue","Issue"
722,"Negative","App Usability","Investigate app glitches provide temporary fix","Issue"
723,"Neutral","Biometric Authentication","Investigate biometric issue","Issue"
724,"Negative","Login Issue","Investigate login issue promptly","Request"
725,"Neutral","Banking Features","Investigate issue with banking features","Issue"
726,"Positive","Interest Rates","Investigator: Check account contact bank","Issue"
727,"Neutral","Interest Rates","Investigate interest rate discrepancies","Issue"
728,"Neutral","App Usability","Investigate usability issue","Issue"
729,"Neutral","Login Issue","Investigate login problem","Issue"
730,"Positive","App Usability","Investigate Improve UI","Issue"
731,"Negative","App Usability","Investigate app glitch","Issue"
732,"Neutral","Banking Features","Investigate banking feature issue","Issue"
733,"Negative","Banking Features","Investigate and resolve issue with banking features","Issue"
734,"Neutral","Login Issue","Investigate login problem","Issue"
735,"Negative","App Usability","Investigate usability issue","Issue"
736,"Neutral","App Usability","Investigate usability issue","Issue"
737,"Negative","App Usability","Investigate app usability issues","Issue"
738,"Neutral","Login Issue","Investigate login issue gather info for potential fix","Feedback"
739,"Neutral","Login Issue","Investigate login issue","Issue"
740,"Negative","App Usability","Investigate and resolve usability issue","Issue"
741,"Neutral","Banking Features","Request feature details for improvement","Feedback"
742,"Negative","Banking Features","Investigate and resolve issue with banking features","Issue"
743,"Neutral","App Usability","Investigate usability issue","Issue"
744,"Positive","App Usability","Investigate then improve usability issues","Issue"
745,"Positive","App Usability","Acknowledge and thank for feedback ask for more details about feature request","Request"
746,"Neutral","App Usability","Investigate usability issue","Issue"
747,"Negative","Login Issue","Investigate login problems","Issue"
748,"Negative","Login Issue","Investigate and resolve login issue","Issue"
749,"Neutral","App Usability","Investigate usability issue","Issue"
750,"Negative","Banking Features","Investigate transaction issue with Banking Features","Issue"
751,"Neutral","App Usability","Investigate usability issue","Issue"
752,"Positive","Login Issue","Thank user for feedback improve login process","Feedback"
753,"Neutral","App Usability","Investigate usability issue","Issue"
754,"Negative","Banking Features","Investigate issue with banking features","Issue"
755,"Neutral","Banking Features","Ask for clarification on desired improvements","Feedback"
756,"Negative","Interest Rates","Investigate high interest rates issue","Issue"
757,"Negative","App Usability","Revise app design based on user feedback","Feedback"
758,"Negative","App Usability","Usability Improvements Based on User Feedback","Feedback"
759,"Neutral","Login Issue","Investigate login issue","Issue"
760,"Neutral","Login Issue","Investigate login issues","Issue"
761,"Negative","App Usability","Investigate and resolve UI glitch","Issue"
762,"Positive","Banking Features","Investigate issue with banking features promptly.","Issue"
763,"Negative","Login Issue","Investigate login problem","Issue"
764,"Neutral","App Usability","Investigate usability issue","Issue"
765,"Neutral","Banking Features","Request for more specific feedback","Feedback"
766,"Negative","Banking Features","Investigate transaction issue","Issue"
767,"Negative","App Usability","Investigate app usability issues","Issue"
768,"Neutral","Interest Rates","Check current rates.","Request"
769,"Negative","Banking Features","Investigate transfer issue","Issue"
770,"Neutral","Banking Features","Investigate and resolve banking issue","Issue"
771,"Negative","Loan Application Process","Revisit application process for smoother user experience","Feedback"
772,"Positive","App Usability","Thank the user for their positive feedback and consider sharing it with the development team","Opinion"
773,"Negative","App Usability","Investigate usability issue","Issue"
774,"Negative","Account Closure Process","Investigate account closure process","Issue"
775,"Negative","Loan Application Process","Investigate loan application issue","Issue"
776,"Positive","App Usability","Thank you for your feedback. Share improvements with dev team.","Feedback"
777,"Positive","Account Registration Process","Investigate & Resolve Account Registration Issue","Issue"
778,"Neutral","App Usability","Request for more user testing","Feedback"
779,"Positive","Banking Features","Thank you for your positive feedback. Consider sharing your experience with others.","Feedback"
780,"Positive","Customer Support","Acknowledge resolution thank user","Issue"
781,"Neutral","App Usability","Request usability improvements from developers","Feedback"
782,"Positive","Loan Application Process","Thank user for positive feedback request more details about their experience","Feedback"
783,"Positive","Customer Support","Follow up with user resolve issue promptly","Issue"
784,"Negative","App Usability","Investigate usability issue","Issue"
785,"Positive","Account Registration Process","Investigate account registration issue","Issue"
786,"Neutral","Interest Rates","Request feedback on desired interest rate features","Feedback"
787,"Negative","App Usability","Usability improvements based on user feedback","Feedback"
788,"Negative","App Usability","User interface improvements","Feedback"
789,"Negative","Account Registration Process","Investigate registration problem","Issue"
790,"Negative","App Usability","Investigate UI bug: Review #790 reported an issue with App Usability","Issue"
791,"Neutral","Customer Support","Investigate and resolve issue reported","Issue"
792,"Negative","Loan Application Process","Investigate loan application issue","Issue"
793,"Neutral","App Usability","Investigate usability issue","Issue"
794,"Negative","App Usability","Investigate usability issue prioritize fix","Issue"
795,"Neutral","App Usability","Investigate usability issue","Issue"
796,"Negative","Customer Support","Investigate issue provide resolution","Issue"
797,"Negative","Customer Support","Investigate issue contact user","Issue"
798,"Negative","App Usability","Investigate usability issue","Issue"
799,"Neutral","App Usability","Investigate usability issue","Issue"
800,"Negative","Loan Application Process","Investigate loan application issue","Issue"
801,"Neutral","App Usability","Investigate usability issue","Issue"
802,"Negative","App Usability","Investigate fix UI glitch","Issue"
803,"Negative","Account Registration Process","Investigate registration problem","Issue"
804,"Neutral","Interest Rates","Investigate issue with interest rates","Issue"
805,"Negative","App Usability","Investigate usability issues reported","Issue"
806,"Neutral","Account Registration Process","Improve registration flow","Issue"
807,"Neutral","Interest Rates","Investigate interest rate issue","Issue"
808,"Negative","App Usability","Investigate usability issue reported","Issue"
809,"Neutral","Account Registration Process","Investigate account registration issue","Issue"
810,"Negative","App Usability","Investigate usability issue","Issue"
811,"Neutral","App Usability","Investigate usability issue","Issue"
812,"Negative","App Usability","Investigate Improve UI design","Issue"
813,"Neutral","Customer Support","Investigate issue provide solution","Issue"
814,"Negative","App Usability","Investigate improve UI for smoother user experience","Issue"
815,"Negative","App Usability","Investigate usability issue","Issue"
816,"Negative","Account Registration Process","Investigate registration issue","Issue"
817,"Negative","App Usability","Investigate usability issue","Issue"
818,"Negative","App Usability","Investigate usability issues","Issue"
819,"Neutral","App Usability","Investigate usability issue reported","Issue"
820,"Neutral","App Usability","Investigate usability issue","Issue"
821,"Negative","Customer Support","Investigate issue with customer support response","Issue"
822,"Positive","App Usability","Investigate usability issue reported","Issue"
823,"Negative","App Usability","Investigate and resolve UI bug","Issue"
824,"Neutral","Customer Support","Investigate issue reported","Issue"
825,"Neutral","App Usability","Investigate app usability issue","Issue"
826,"Negative","App Usability","Investigate usability issues","Issue"
827,"Negative","App Usability","Investigate usability issue","Issue"
828,"Neutral","Customer Support","Investigate issue with customer support","Issue"
829,"Neutral","App Usability","Investigate app glitch","Issue"
830,"Negative","App Usability","Investigate app usability issue reported","Issue"
831,"Neutral","App Usability","Investigate app navigation issue","Issue"
832,"Negative","Customer Support","Investigate issue prioritize resolution","Issue"
833,"Negative","App Usability","Investigate and resolve app usability issue","Issue"
834,"Neutral","App Usability","Investigate usability issue","Issue"
835,"Negative","Banking Features","Investigate issue with banking features","Issue"
836,"Negative","Customer Support","Investigate issue with customer support response.","Issue"
837,"Negative","Interest Rates","Investigate issue with Interest Rates section","Issue"
838,"Negative","App Usability","Investigate usability issue improve app design","Issue"
839,"Negative","Account Setup Process","Investigate account setup issues","Issue"
840,"Negative","Account Setup Process","Investigate account setup issues","Issue"
841,"Negative","Loan Application Process","Investigate loan application issues","Issue"
842,"Negative","Account Setup Process","Investigate account setup issues","Issue"
843,"Negative","Account Setup Process","Investigate account setup process issue","Issue"
844,"Neutral","Account Setup Process","Investigate account setup issue","Issue"
845,"Negative","App Usability","Investigate and resolve usability issue","Issue"
846,"Negative","App Usability","Review app design with users","Feedback"
847,"Negative","Account Setup Process","Improve account setup process based on user feedback","Feedback"
848,"Negative","App Maintenance","Investigate app crashes provide update","Issue"
849,"Positive","App Usability","Investigate and resolve app crashes","Issue"
850,"Negative","Customer Support","Investigate issue contact user","Issue"
851,"Negative","App Usability","Improve app navigation for better user experience","Feedback"
852,"Neutral","App Usability","Request feedback details for improvement","Feedback"
853,"Neutral","App Usability","Investigate app usability issue","Issue"
854,"Negative","Account Setup Process","Investigate account setup issues","Issue"
855,"Negative","App Usability","Investigate usability issue reported","Issue"
856,"Negative","App Usability","Investigate app crashes improve usability","Issue"
857,"Neutral","App Usability","Request usability improvements","Feedback"
858,"Neutral","Customer Support","Investigate issue reported","Issue"
859,"Negative","App Usability","Investigate usability issue","Issue"
860,"Negative","App Usability","Identify prioritize and fix usability issues","Issue"
861,"Neutral","App Usability","Request for more user feedback","Feedback"
862,"Neutral","App Usability","Investigate app crashes improve usability","Issue"
863,"Negative","Account Setup Process","Investigate account setup issues","Issue"
864,"Negative","App Usability","Improve app navigation","Feedback"
865,"Neutral","App Usability","Investigate app interface glitch","Issue"
866,"Negative","Account Setup Process","Revise account setup process","Feedback"
867,"Neutral","App Usability","Request user for more specific feedback on usability issues","Feedback"
868,"Negative","Customer Support","Investigate issue with customer support","Issue"
869,"Negative","App Usability","Improve app navigation","Feedback"
870,"Neutral","Account Setup Process","Investigate account setup issue","Issue"
871,"Negative","App Usability","Identify prioritize and fix usability issue","Issue"
872,"Neutral","App Usability","Investigate usability issue","Issue"
873,"Negative","App Usability","Investigate and resolve UI bug","Issue"
874,"Negative","App Usability","Investigate and resolve app usability issue","Issue"
875,"Negative","Customer Support","Investigate issue offer resolution","Issue"
876,"Negative","Account Setup Process","Investigate account setup issues","Issue"
877,"Negative","App Usability","Investigate and resolve usability issues","Issue"
878,"Neutral","Customer Support","Investigate issue mentioned","Issue"
879,"Positive","Account Setup Process","Investigate account setup issues","Issue"
880,"Neutral","App Usability","Identify isolate and fix usability glitch","Issue"
881,"Negative","App Usability","Investigate usability issue: Difficulty navigating menu","Issue"
882,"Negative","Account Setup Process","Investigate account setup problem","Issue"
883,"Negative","Customer Support","Investigate issue with customer support","Issue"
884,"Neutral","App Usability","Investigate usability issue","Issue"
885,"Negative","App Usability","Investigate usability issue","Issue"
886,"Negative","App Usability","Investigate app bugs improve usability","Issue"
887,"Negative","App Usability","Investigate improve app navigation","Issue"
888,"Negative","Account Setup Process","Investigate account setup process issue","Issue"
889,"Neutral","App Usability","Investigate usability issue","Issue"
890,"Neutral","App Usability","Investigate usability issue","Issue"
891,"Negative","Customer Support","Investigate issue with customer support","Issue"
892,"Negative","Account Setup Process","Investigate account setup issue","Issue"
893,"Negative","App Usability","Identify prioritize and resolve usability issues","Issue"
894,"Neutral","App Usability","Investigate usability issue","Issue"
895,"Positive","Customer Support","Acknowledge resolution ask for feedback","Issue"
896,"Negative","Account Setup Process","Investigate account setup issues","Issue"
897,"Neutral","App Usability","Investigate usability issue","Issue"
898,"Negative","Customer Support","Investigate issue prioritize resolution","Issue"
899,"Neutral","Account Setup Process","Investigate account setup issues","Issue"
900,"Neutral","App Usability","Investigate usability issue","Issue"
901,"Neutral","App Usability","Investigate usability issue","Issue"
902,"Positive","App Usability","Investigate Improve usability issue","Issue"
903,"Negative","Customer Support","Investigate issue prioritize resolution","Issue"
904,"Negative","App Usability","Investigate Improve App Navigation","Issue"
905,"Neutral","Loan Application Process","Investigate loan application delay","Issue"
906,"Neutral","App Usability","Investigate usability issue","Issue"
907,"Positive","App Usability","Thank user for feedback enhance usability features","Feedback"
908,"Positive","App Trustworthiness","Acknowledge appreciation","Opinion"
909,"Negative","App Usability","Investigate usability issue","Issue"
910,"Positive","App Usability","Thank you for the feedback! We'll consider enhancing the usability.","Feedback"
911,"Positive","Account Information Access","Thank you for your feedback. Share it with our development team.","Feedback"
912,"Positive","App Usability","Thank user for positive feedback continue enhancing usability.","Opinion"
913,"Negative","Account Setup Process","Investigate account setup issue","Issue"
914,"Positive","Customer Support","Thank the user for their feedback","Feedback"
915,"Positive","Account Setup Process","Acknowledge and thank for the feedback offer account optimization assistance","Request"
916,"Negative","Account Setup Process","Investigate account setup issue","Issue"
917,"Negative","App Usability","Investigate usability issues prioritize fixes","Request"
918,"Positive","App Usability","Acknowledge appreciation request feedback on other features","Opinion"
919,"Neutral","Customer Support","Investigate issue with customer support.","Issue"
920,"Positive","App Usability","Thank you for your feedback. Share your usability tips with our team.","Feedback"
921,"Negative","App Usability","Investigate usability issue","Issue"
922,"Negative","Customer Support","Review support ticket assign agent","Request"
923,"Negative","Loan Application Process","Investigate application process issues","Opinion"
924,"Negative","Customer Support","Review response and implement feedback improvements","Feedback"
925,"Negative","Customer Support","Review feedback with team improve response time","Feedback"
926,"Negative","App Usability","Investigate usability issue","Issue"
927,"Negative","Account Setup Process","Revise account setup process","Feedback"
928,"Neutral","Customer Support","Investigate issue provide resolution","Issue"
929,"Negative","App Usability","Investigate and fix usability issues","Issue"
930,"Negative","Customer Support","Review response strategy","Feedback"
931,"Negative","App Usability","Investigate usability issue reported in App Usability category.","Issue"
932,"Positive","Customer Support","Thank user for positive feedback","Opinion"
933,"Neutral","Account Setup Process","Investigate account setup issue","Issue"
934,"Negative","App Usability","Improve user interface design","Feedback"
935,"Negative","App Usability","Investigate app bugs improve usability","Issue"
936,"Negative","Account Setup Process","Investigate account setup issues","Issue"
937,"Negative","Customer Support","Investigate issue with customer support interaction","Issue"
938,"Negative","App Usability","Investigate and resolve usability issue","Issue"
939,"Neutral","App Usability","Investigate usability issue","Issue"
940,"Negative","App Usability","Investigate usability issue","Issue"
941,"Negative","Customer Support","Investigate issue offer solution","Issue"
942,"Positive","App Usability","Investigate improve","Issue"
943,"Negative","Customer Support","Investigate issue with Customer Support","Issue"
944,"Positive","Account Setup Process","Investigate account setup process issue","Issue"
945,"Neutral","Customer Support","Investigate issue reported","Issue"
946,"Negative","Customer Support","Investigate issue with customer support","Issue"
947,"Negative","App Usability","Identify diagnose and resolve usability issue.","Issue"
948,"Negative","Customer Support","Investigate issue contact user","Issue"
949,"Negative","App Usability","Investigate usability issue","Issue"
950,"Negative","Customer Support","Review response strategy","Feedback"
951,"Negative","App Usability","Investigate app usability issue","Issue"
952,"Negative","Customer Support","Investigate issue with customer support","Feedback"
953,"Negative","App Usability","Identify usability issue prioritize fix.","Issue"
954,"Positive","Customer Support","Acknowledge resolution thank user","Issue"
955,"Negative","App Usability","Investigate usability issue","Issue"
956,"Neutral","Customer Support","Investigate issue with customer support","Issue"
957,"Neutral","App Usability","Improve user interface","Feedback"
958,"Neutral","Customer Support","Investigate issue prioritize resolution","Issue"
959,"Negative","App Usability","Identify prioritize and fix usability issues","Issue"
960,"Negative","App Usability","Investigate app crashes improve usability.","Issue"
961,"Negative","App Usability","Investigate app usability issue","Issue"
962,"Neutral","App Usability","Investigate usability issue","Issue"
963,"Neutral","Customer Support","Investigate issue with customer support","Issue"
964,"Negative","App Usability","Investigate app usability issue","Issue"
965,"Negative","App Usability","Investigate and resolve UI issue","Issue"
966,"Neutral","App Usability","Investigate usability issue reported","Issue"
967,"Positive","Account Setup Process","Investigate account setup issue","Issue"
968,"Neutral","Customer Support","Investigate issue reported","Issue"
969,"Positive","Customer Support","Acknowledge resolution thank user","Issue"
970,"Neutral","App Usability","Investigate usability issue","Issue"
971,"Negative","App Usability","Investigate and fix usability issue","Issue"
972,"Neutral","App Usability","Request usability improvements","Feedback"
973,"Negative","App Usability","Investigate Improve UI","Issue"
974,"Negative","Customer Support","Investigate issue contact user","Issue"
975,"Neutral","App Usability","Investigate and resolve usability issue","Issue"
976,"Neutral","Customer Support","Investigate issue reported","Issue"
977,"Neutral","App Usability","Ask for specific improvements","Feedback"
978,"Neutral","Rewards Program","Request for improvement suggestions","Feedback"
979,"Negative","App Download/Installation","Investigate download issues","Issue"
980,"Negative","Compatibility with Security Software","Investigate security software conflict","Issue"
981,"Negative","App Reliability","Investigate app instability","Issue"
982,"Negative","App Security","Investigate security issue","Issue"
983,"Negative","Rewards Program","Investigate rewards program issues","Feedback"
984,"Negative","Interest Rates","Investigate and resolve interest rate issue","Issue"
985,"Negative","App Reliability","Investigate and resolve app crashes","Issue"
986,"Negative","App Reliability","Investigate app crashes improve reliability","Feedback"
987,"Negative","App Reliability","Investigate app crashes provide temporary solution","Issue"
988,"Negative","App Reliability","Investigate app crashes offer compensation","Issue"
989,"Negative","App Reliability","Investigate app crashes provide temporary solution","Issue"
990,"Negative","App Reliability","Investigate app crashes offer compensation","Issue"
991,"Negative","App Reliability","Investigate app crashes provide update","Issue"
992,"Negative","App Reliability","Investigate app crashes provide temporary solution","Issue"
993,"Negative","App Reliability","Investigate app crashes provide temporary fix or workaround","Issue"
994,"Negative","App Reliability","Investigate app crashes provide temporary workaround","Issue"
995,"Negative","App Reliability","Investigate and resolve app crashes","Issue"
996,"Negative","App Reliability","Investigate app crashes provide updates","Issue"
997,"Negative","App Reliability","Investigate and resolve app crashes","Issue"
998,"Negative","App Reliability","Investigate app crashes offer compensation","Issue"
999,"Negative","App Reliability","Investigate and resolve app crashes","Issue"
1000,"Negative","App Reliability","Investigate app crashes offer temporary solution","Issue"
1001,"Negative","App Reliability","Investigate app crashes","Issue"
1002,"Negative","App Reliability","Investigate app crashes provide temporary solution","Issue"
1003,"Negative","App Reliability","Investigate app crashes prioritize fixes","Issue"
1004,"Negative","App Reliability","Investigate and resolve app crashes","Issue"
1005,"Negative","App Reliability","Investigate app crashes provide temporary workaround","Issue"
1006,"Negative","App Reliability","Investigate app crashes","Issue"
1007,"Negative","App Reliability","Investigate and resolve app crashes","Issue"
1008,"Negative","App Reliability","Investigate app crashes","Issue"
1009,"Negative","App Reliability","Investigate and resolve app crashes","Issue"
1010,"Negative","App Reliability","Investigate app crashes offer compensation","Issue"
1011,"Negative","App Reliability","Investigate app crashes provide temporary fixes.","Issue"
1012,"Negative","App Reliability","Investigate app crashes","Issue"
1013,"Negative","App Reliability","Investigate app crashes offer compensation","Issue"
1014,"Negative","App Reliability","Investigate app crashes","Issue"
1015,"Negative","App Reliability","Investigate app crashes provide update","Issue"
1016,"Negative","App Reliability","Investigate app crashes","Issue"
1017,"Negative","App Reliability","Investigate app crashes and offer temporary solution","Issue"
1018,"Negative","App Reliability","Investigate app crashes provide fix","Issue"
1019,"Negative","App Reliability","Investigate app crashes","Issue"
1020,"Negative","App Reliability","Investigate and resolve app crashes","Issue"
1021,"Negative","App Reliability","Investigate app crashes offer compensation","Issue"
1022,"Negative","App Reliability","Investigate app crashes offer temporary solution","Issue"
1023,"Negative","App Reliability","Investigate app crashes","Issue"
1024,"Negative","App Reliability","Investigate app crashes","Issue"
1025,"Negative","App Reliability","Investigate app crashes provide temporary solution","Issue"
1026,"Negative","App Reliability","Investigate app crashes improve reliability","Issue"
1027,"Negative","App Reliability","Investigate and resolve app crashes","Issue"
1028,"Negative","App Reliability","Investigate app crashes and provide solution","Issue"
1029,"Negative","App Reliability","Investigate app crashes","Issue"
1030,"Negative","App Reliability","Investigate app crashes","Issue"
1031,"Negative","App Reliability","Investigate app crashes provide update","Issue"
1032,"Negative","App Reliability","Investigate app crashes","Issue"
1033,"Negative","App Reliability","Investigate app crashes offer solution","Issue"
1034,"Negative","App Reliability","Investigate app crashes provide solution","Issue"
1035,"Negative","App Reliability","Investigate app crashes and offer solution","Issue"
1036,"Negative","App Reliability","Investigate app crashes","Issue"
1037,"Negative","App Reliability","Investigate app crashes","Issue"
1038,"Negative","App Reliability","Investigate and resolve app crashes","Issue"
1039,"Negative","App Reliability","Investigate app crashes provide temporary fix or workaround","Issue"
1040,"Negative","App Reliability","Investigate app crashes provide solution","Issue"
1041,"Negative","App Reliability","Investigate app crashes","Issue"
1042,"Negative","App Reliability","Investigate and resolve app crashes","Issue"
1043,"Negative","App Reliability","Investigate app crashes","Issue"
1044,"Negative","App Reliability","Investigate app crashes and provide solution","Issue"
1045,"Negative","App Reliability","Investigate app crashes offer workaround","Issue"
1046,"Negative","App Reliability","Investigate app crashes provide solution","Issue"
1047,"Negative","App Reliability","Investigate app crashes","Issue"
