rowid,bank,service,summary
0,GXS,app,"Attractive interest rate praise"
1,GXS,banking,"Raves about bank"
2,GXS,banking,"Customer upset about interest rate drop"
3,GXS,app,"Easy to send money to GXS account"
4,GXS,app,"UI/UX praised"
5,GXS,banking,"Waiting for account slot"
6,GXS,app,"Appreciates design"
7,GXS,banking,"Fast reversal during transfer"
8,GXS,app,"User-friendly praise"
9,GXS,app,"App fails to respond after input"
10,GXS,banking,"First time deposit issue"
11,GXS,app,"Can't save payments"
12,GXS,banking,"Best bank for saving"
13,GXS,app,"Responsive interface praised"
14,GXS,banking,"lengthy onboarding, account issue"
15,GXS,app,"Seamless, fast GXS praise"
16,GXS,banking,"Used digital bank, issue not clear"
17,GXS,app,"User-friendly interface compliment"
18,GXS,app,"Cannot add functions after one year"
19,GXS,app,"Disappointed with GXS app"
20,GXS,app,"Wants more users"
21,GXS,app,"Smooth, attractive app"
22,GXS,app,"Ease of use, fast transaction praise"
23,GXS,app,"App cannot process saving money request"
24,GXS,app,"Easy drawing, flexible repayment"
25,GXS,app,"Easy pay feature before due"
26,GXS,app,"Recommended by friend"
27,GXS,app,"Easy to navigate UI/UX"
28,GXS,app,"Can't wait for saving pockets"
29,GXS,app,"Unable to download"
30,GXS,app,"Loves easy, fluid UI"
31,GXS,app,"No more long waits for operations"
32,GXS,app,"App praised for ease of use"
33,GXS,app,"User finds interface easy to use"
34,GXS,app,"Link to Grabs app desired"
35,GXS,none,"Prefers this digital bank"
36,GXS,app,"User wants daily growth view"
37,GXS,app,"Easy to use banking app"
38,GXS,app,"App unnecessary"
39,GXS,app,"Noticed poor news writing on interest rate"
40,GXS,app,"App dropped connection"
41,GXS,app,"Login issue"
42,GXS,app,"Likes interface, praises saving pocket"
43,GXS,app,"Easy to navigate app"
44,GXS,app,"App praised for design, fast transactions"
45,GXS,app,"Positive feedback"
46,GXS,app,"easy to use app love"
47,GXS,app,"Mentions great things"
48,GXS,banking,"Doesn't convey reputability"
49,GXS,app,"Easy app use and clear instructions"
50,GXS,app,"Easy-to-use, bug-free review"
51,GXS,app,"Likes app details"
52,GXS,app,"Likes app design, mentions pockets"
53,GXS,email,"Received email invite from GXS"
54,GXS,app,"Easy to use, nice UI, saves pockets"
55,GXS,app,"Easy, simple app"
56,GXS,bank,"Request for issue resolution"
57,GXS,app,"Easy to set up"
58,GXS,app,"User finds apps friendly"
59,GXS,bank,"GXS advertised high savings interest"
60,GXS,app,"Dislikes app theme"
61,GXS,app,"Friendly app comment"
62,GXS,app,"Positive feedback"
63,GXS,app,"Prefers GXS over bank app"
64,GXS,app,"User mentions ease of use, no issue mentioned"
65,GXS,app,"Easy to use bank app"
66,GXS,app,"Nice design compliment"
67,GXS,banking,"Highest saving interest rate"
68,GXS,app,"Request to increase limit"
69,GXS,app,"Encouraging language"
70,GXS,banking,"Incorrect income from SingPass"
71,GXS,banking,"Wants bank removed"
72,GXS,app,"Easy app, quick loan"
73,GXS,none,"Positive loan approval comment"
74,GXS,app,"Disappointed after download"
75,GXS,app,"Cannot open app after update"
76,GXS,app,"Forcing account creation with fee increase"
77,GXS,app,"Frustrating app experience"
78,GXS,banking,"unable to open account"
79,GXS,app,"App error message"
80,GXS,app,"request for Singpass integration"
81,GXS,app,"Good interest praise"
82,GXS,app,"Not prepared for launch"
83,GXS,banking,"Applying for slots"
84,GXS,app,"Staff manipulation request"
85,GXS,app,"Likes modern design, grumbles about UX"
86,GXS,bank,"Request for improved service"
87,GXS,app,"User praises app efficiency"
88,GXS,app,"Positive app feedback"
89,GXS,app,"Great UI compliment"
90,GXS,app,"Unnecessary notifications"
91,GXS,banking,"Fair loans, dislikes interest rate"
92,GXS,app,"Fake reviews creation"
93,GXS,app,"Lacks features, unhelpful"
94,GXS,banking,"Interest rate cut"
95,GXS,app,"Saved me, highly recommended"
96,GXS,app,"Sign-up error"
97,GXS,app,"Positive comment"
98,GXS,app,"Easy-to-use platform"
99,GXS,app,"Good response time"
100,GXS,app,"Unable to login after update"
101,GXS,app,"Praises unique and useful pockets"
102,GXS,app,"Compliments interest rate, good user experience"
103,GXS,app,"Praises savings pockets and daily interest"
104,GXS,app,"Script appears unprofessional"
105,GXS,app,"Positive comment on app speed"
106,GXS,app,"Needs redesign"
107,GXS,banking,"Urgent access to funds request"
108,GXS,app,"Dissatisfied user deleted app"
109,GXS,app,"Positive feedback"
110,GXS,banking,"Funds blocked without transparency"
111,GXS,app,"User-friendly app navigation"
112,GXS,banking,"Unable to sign in"
113,GXS,app,"Questioning authenticity"
114,GXS,app,"User suggests saving feature"
115,GXS,app,"Positive comment"
116,GXS,app,"Missing payee save function"
117,GXS,app,"Review lacks clarity"
118,GXS,app,"Unable to join, open account"
119,GXS,app,"Likes great features"
120,GXS,app,"Good app"
121,GXS,banking,"First to reduce saving interest"
122,GXS,app,"Positive feedback"
123,GXS,none,"Positive comment"
124,GXS,app,"Unable to log in"
125,GXS,app,"Unclear review"
126,GXS,app,"PR and SP only"
127,GXS,app,"Exclamation of surprise"
128,GXS,app,"Rave review with numerous rocket emojis"
129,GXS,app,"Unable to make payment via Paynow QR"
130,GXS,banking,"Security vulnerability concern"
131,GXS,app,"iPad integration off"
132,Trust,banking,"Card locked unexpectedly"
133,Trust,none,"Long term user, happy"
134,Trust,bank,"Accidentally confirmed fraudulent transfer"
135,Trust,app,"Unintuitive interface"
136,Trust,bank,"Long term user expresses no issues"
137,Trust,banking,"First-time salaried employee issue"
138,Trust,app,"Approved credit card, slow process"
139,Trust,app,"Happy with Trust Card"
140,Trust,app,"Impressed with app"
141,Trust,banking,"Late payment, service level agreement"
142,Trust,banking,"Request for credit limit increase"
143,Trust,app,"Critical pointers review"
144,Trust,banking,"Customer requested waiver from Navind"
145,Trust,app,"Prefers banking app over traditional one"
146,Trust,banking,"Account locked due to multiple tries"
147,Trust,app,"Used Trust card in Taiwan"
148,Trust,app,"Why exclude some users?"
149,Trust,banking,"First transaction success, received reward"
150,Trust,app,"Smooth onboarding process"
151,Trust,app,"Can't login with Trust app"
152,Trust,app,"Happy with rewards"
153,Trust,app,"Expected digital bank, but issue found"
154,Trust,app,"One of the best app experiences"
155,Trust,app,"No gyro option for account linking"
156,Trust,app,"Missed promotion alert"
157,Trust,app,"Not compatible with I Phone SE 2"
158,Trust,app,"Clarity of features"
159,Trust,app,"Can't disable email notifs"
160,Trust,banking,"Bank's service is criticised"
161,Trust,app,"confusing design"
162,Trust,app,"Logged out, couldn't re-login"
163,Trust,banking,"Double charging issue"
164,Trust,bank,"Applied for savings account and card"
165,Trust,bank,"Application pending for weeks"
166,Trust,app,"Single login option"
167,Trust,banking,"Thorough check requested"
168,Trust,N/A,"New user expresses trust in bank"
169,Trust,app,"No complaints about Trust app"
170,Trust,banking,"Untrustworthy risk system, card issue"
171,Trust,banking,"Account locked during transfer"
172,Trust,app,"Sign-up issue after credit card registration"
173,Trust,app,"Issue with promo"
174,Trust,app,"App stuck during singpass profile retrieval"
175,Trust,bank,"Request to change account"
176,Trust,app,"App interruption"
177,Trust,app,"Promote banking app"
178,Trust,banking,"Can't trust bank"
179,Trust,banking,"Used Trust in Malaysia for major transactions"
180,Trust,none,"fast account opening"
181,Trust,app,"Quick rejection"
182,Trust,bank,"Unable to open account due to info issue"
183,Trust,bank,"Long app wait time for bank status"
184,Trust,app,"Loves convenient app"
185,Trust,app,"Must enable notifications"
186,Trust,app,"Informative card feature"
187,Trust,app,"iPhone 14 problem"
188,Trust,app,"5 minute long loading times"
189,Trust,app,"Stuck during info submission"
190,Trust,app,"Couldn't restore account after getting new phone"
191,Trust,app,"Praises digital banking benefits"
192,Trust,app,"Interrupted download"
193,Trust,app,"Worst app ever used"
194,Trust,app,"No need to go through hassle in app"
195,Trust,app,"Waste of time using Standard Chartered app"
196,Trust,app,"Stupid app, approved funds late"
197,Trust,banking,"Pending request for future date"
198,Trust,app,"Second user uncertainty"
199,Trust,banking,"1st month rebate missing"
200,Trust,app,"New credit card user feedback"
201,Trust,app,"Asked to create new account on login"
202,Trust,app,"Good app, mentions exchange rates"
203,Trust,bank,"Applied for credit card issue"
204,Trust,app,"Noticed varying mascots"
205,Trust,banking,"2 week approval delay"
206,Trust,app,"Thought card useful, then changed mind"
207,Trust,app,"Referred friend, $1 reward issue"
208,Trust,banking,"Customer has Trust account issue"
209,Trust,banking,"Customer pays bills early"
210,Trust,app,"Easy account opening"
211,Trust,bank,"Bank IT expert critical"
212,Trust,app,"Super fast, attractive rewards"
213,Trust,app,"Misleading sign-up fee"
214,Trust,app,"Praises clean interface"
215,Trust,app,"Inability to login"
216,Trust,app,"Phone change issue"
217,Trust,banking,"Account stuck during login"
218,Trust,bank,"Customer requesting bank fix"
219,Trust,app,"App order issue"
220,Trust,app,"Difficult sign-up process"
221,Trust,banking,"User missed overseas transaction alert"
222,Trust,app,"Friends' positive experiences"
223,Trust,bank,"Unable to open credit card account"
224,Trust,app,"Difficulty using app"
225,Trust,app,"Account approval process delay"
226,Trust,app,"Rewards details unclear"
227,Trust,app,"Appreciates design effort"
228,Trust,app,"New user downloaded app 3 months ago"
229,Trust,app,"Linking Singpass during registration"
230,Trust,app,"Long application process"
231,Trust,app,"Confusing navigation"
232,Trust,app,"Payment notifications unclear"
233,Trust,banking,"Helped mom access savings account"
234,Trust,app,"App malfunction, delayed credit card"
235,Trust,app,"Can't add credit card"
236,Trust,banking,"Easy late fee hit"
237,Trust,app,"Ironing out app kinks"
238,Trust,app,"Unable to login"
239,Trust,bank,"Prefer other services"
240,Trust,banking,"Long call wait, no response"
241,Trust,app,"Functionality issue"
242,Trust,banking,"Credit card, saving account availability"
243,Trust,app,"No scan pay function"
244,Trust,app,"Forces notifications off"
245,Trust,app,"Amazing app, praises products"
246,Trust,bank,"User offered choice for account type"
247,Trust,app,"New iPhone migration error"
248,Trust,app,"Copy card feature praise"
249,Trust,app,"Login issue"
250,Trust,signup,"Successfully signed up"
251,Trust,app,"Notification cards triggering incorrectly"
252,Trust,app,"Many voucher options"
253,Trust,app,"Long account setup, link credit card"
254,Trust,banking,"Union member issue"
255,Trust,app,"Security system triggering unnecessarily"
256,Trust,app,"Good design, mentions savings account"
257,Trust,app,"Quick sign up appreciated"
258,Trust,app,"Awesome debit card, loves coupons"
259,Trust,app,"Lost access after phone change"
260,Trust,banking,"Difficulty accessing multiple accounts"
261,Trust,app,"Easy to use interface"
262,Trust,app,"Issues with Trust app"
263,Trust,banking,"Everyone should bank with rewards"
264,Trust,app,"Saw ad on FP app"
265,Trust,app,"Short and sweet app praise"
266,Trust,app,"Ads despite opt-out"
267,Trust,banking,"Application under long review"
268,Trust,banking,"Account opening and first transaction"
269,Trust,bank,"new savings account unsatisfactory"
270,Trust,banking,"App sending incorrect dates"
271,Trust,banking,"NTUC cashier issue"
272,Trust,app,"App well developed"
273,Trust,banking,"Service is poor"
274,Trust,app,"Request for learning from competition"
275,Trust,app,"Likes discounts, vouchers"
276,Trust,app,"Prompted to create account"
277,Trust,app,"Overall usage is smooth"
278,Trust,bank,"Instantly approved card application"
279,Trust,app,"Notification counter issue"
280,Trust,app,"App requested 2-factor authentication setup"
281,Trust,app,"Request for auto setting screen size"
282,Trust,banking,"User suspects trust of bank"
283,Trust,app,"Good user experience"
284,Trust,app,"Downloaded, setup issue"
285,Trust,app,"Likes simple app design"
286,Trust,app,"Smooth onboarding"
287,Trust,app,"Redeeming rice coupon issue"
288,Trust,app,"Quick onboarding process"
289,Trust,app,"Love but issues with app"
290,Trust,banking,"Late fee warning"
291,Trust,banking,"No action taken"
292,Trust,app,"Praises convenience"
293,Trust,user_rating,"Customer glad bank doesn't fake reviews"
294,Trust,app,"App testing issue reported"
295,Trust,app,"User finds app user-friendly"
296,Trust,bank,"No new account option"
297,Trust,app,"System link issue to Myinfo"
298,Trust,app,"Difficulty using Trust Wallet"
299,Trust,bank,"No point without functionality"
300,Trust,app,"Excessive marketing notifications"
301,Trust,app,"No ipad login pop up"
302,Trust,app,"Easy opening savings account"
303,Trust,bank,"Read Q&A for banking trust"
304,Trust,app,"Long waiting times for attractive offering"
305,Trust,app,"Worked well with Touch ID, but issue"
306,Trust,app,"Cooler than other apps"
307,Trust,app,"Surprisingly quick sign up"
308,Trust,none,"Seamless sign up"
309,Trust,app,"User finds app friendly"
310,Trust,app,"New account creation delay"
311,Trust,app,"App issue: Difficulty applying credit card, savings account"
312,Trust,app,"Recommends app for demographic"
313,Trust,app,"Travel insurance error message"
314,Trust,app,"Need notifications to open app"
315,Trust,app,"Wants transaction date ordering"
316,Trust,banking,"Unsuccessful credit card application"
317,Trust,banking,"Unable to apply for credit card"
318,Trust,app,"Debit card rewards"
319,Trust,app,"Noticed new Trust App"
320,Trust,bank,"Applying for Trust credit card"
321,Trust,app,"User-friendly, smooth navigation"
322,Trust,app,"First time user experience"
323,Trust,none,"Loves vouchers, no issue"
324,Trust,app,"Easy setup"
325,Trust,app,"Unable to set up account"
326,Trust,app,"App under maintenance"
327,Trust,app,"Likes animated designs"
328,Trust,app,"Credit card application process issue"
329,Trust,app,"Prefer using the app"
330,Trust,app,"Could not use app after 1 month"
331,Trust,app,"User wants to share account access"
332,Trust,app,"Unable to log in since changing phone"
333,Trust,banking,"Physical card required at ATMs"
334,Trust,banking,"Fixing card issue"
335,Trust,app,"User-friendly app"
336,Trust,app,"Can't use nickname"
337,Trust,app,"App experience causes login difficulties"
338,Trust,app,"Unable to log in"
339,Trust,app,"Customer uses card abroad"
340,Trust,banking,"Unable to make online payment"
341,Trust,app,"Quick card application process"
342,Trust,app,"Missing transaction indicators"
343,Trust,app,"Good onboarding, credit card experience"
344,Trust,banking,"Helpful cashier interaction"
345,Trust,app,"User praises card functionality, general interaction"
346,Trust,app,"Used gojek stamp card successfully"
347,Trust,app,"Set up issue resolved"
348,Trust,app,"App hangs during sign up"
349,Trust,app,"disappointed with app"
350,Trust,none,"Machine-like bank"
351,Trust,app,"Could not transfer funds"
352,Trust,app,"Easy account opening, flexible process"
353,Trust,app,"Loves app setup, praises updates"
354,Trust,app,"Received many coupons, saving over $100"
355,Trust,app,"Can't reinstall app twice"
356,Trust,banking,"Double transaction issue"
357,Trust,app,"Improve push notifications"
358,Trust,banking,"SingPass application issue"
359,Trust,signup,"New user signup delay"
360,Trust,app,"Fast app, issues with applying"
361,Trust,app,"Easy onboarding process"
362,Trust,app,"Nice, improving app"
363,Trust,app,"Recommending preferred card"
364,Trust,app,"Mom helped sign up"
365,Trust,banking,"Decreased credit card limit error"
366,Trust,app,"Easy on-boarding process"
367,Trust,app,"Easy to use bank app"
368,Trust,bank,"New credit card, savings account sign up issue"
369,Trust,app,"Wants more features"
370,Trust,app,"Requested more online features"
371,Trust,banking,"Request for issue resolution"
372,Trust,banking,"Missing voucher reward"
373,Trust,app,"Sign up attempt failed multiple times"
374,Trust,app,"Easy application process"
375,Trust,app,"Unable to access app"
376,Trust,bank,"Customer trying to maintain credit card"
377,Trust,app,"Considering not signing up due to app"
378,Trust,app,"Collects data from Singpass"
379,Trust,banking,"Not fully set up, cannot use"
380,Trust,app,"Applied saving, but process ended"
381,Trust,app,"Cute app, requests not completed"
382,Trust,banking,"Login issue via SingPass"
383,Trust,app,"Easy sign up process praised"
384,Trust,app,"Loves new design, faster"
385,Trust,,"Amazing work TRUST"
386,Trust,app,"Nice card features"
387,Trust,app,"no Passioncard support"
388,Trust,app,"Easy-to-use app, short wait time"
389,Trust,app,"Singpass login issue"
390,Trust,app,"Many one star ratings"
391,Trust,banking,"Spent in Malaysia, Google rate 3"
392,Trust,pending_credit,"Waiting for credit approval"
393,Trust,app,"Forces app usage"
394,Trust,app,"Praises UI/UX"
395,Trust,banking,"Unable to login"
396,Trust,app,"Old iPhone model with latest iOS"
397,Trust,app,"Fast onboarding process"
398,Trust,app,"Referred friends, positive feedback"
399,Trust,app,"User kept receiving notifications"
400,Trust,app,"Great app process"
401,Trust,app,"Agree button issue"
402,Trust,app,"User praises friendly use"
403,Trust,app,"Quick and efficient experience"
404,Trust,app,"Long initial load time"
405,Trust,app,"Unable to adjust settings"
406,Trust,app,"No FX charges praised"
407,Trust,app,"Customer prefers using app for currency exchange"
408,Trust,app,"Can't reactivate biometrics"
409,Trust,app,"Unable to login after changing phone"
410,Trust,banking,"Unable to login"
411,Trust,app,"Enable/Disable feature issue"
412,Trust,app,"Shoutout to designers"
413,Trust,app,"Fast, hassle free app with attractive rates"
414,Trust,app,"Looking forward to card return"
415,Trust,banking,"Payment due date issue"
416,Trust,banking,"Credit card application rejection"
417,Trust,app,"Unable to log in"
418,Trust,app,"fluent user experience"
419,Trust,app,"Trying to access app"
420,Trust,app,"Prefers current app over OCBC"
421,Trust,app,"App error message"
422,Trust,banking,"Lousy customer experience"
423,Trust,banking,"Unable to reveal banking reasons"
424,Trust,banking,"Hotline unanswered"
425,Trust,app,"Needs bonus feature in app"
426,Trust,app,"Linkpoints instant reflection issue"
427,Trust,app,"App hung during card application"
428,Trust,app,"User-friendly interface"
429,Trust,app,"Difficulty finding options"
430,Trust,app,"Face biometric reactivation issue"
431,Trust,app,"Cannot login after reinstall"
432,Trust,app,"Fast connection, positive comment"
433,Trust,app,"Complaint about fee"
434,Trust,app,"Can't use MyInfo for credit card application"
435,Trust,app,"Frustrating card use experience"
436,Trust,app,"Pleasant experience"
437,Trust,app,"Fast E wallet transaction"
438,Trust,banking,"Unfair fee charged"
439,Trust,app,"Learning about Singapore"
440,Trust,banking,"Application still pending"
441,Trust,app,"Simplest, best banking app"
442,Trust,app,"Approval process praise"
443,Trust,app,"Easy process, loving the app"
444,Trust,banking,"Customer wanted to increase limit"
445,Trust,app,"Unable to log in, payment issue"
446,Trust,app,"Frequent updates irritate user"
447,Trust,app,"Mistook debit for credit card"
448,Trust,app,"Unable to connect, error message"
449,Trust,banking,"Unable to register using Singpass"
450,Trust,bank,"EP holder unable to proceed"
451,Trust,app,"Unable to proceed credit card application"
452,Trust,app,"Easy-to-use app, great deals"
453,Trust,app,"Surprisingly good app experience"
454,Trust,none,"Compliments staff"
455,Trust,app,"No charge for convenience withdrawals suggested"
456,Trust,app,"Skeptical about going digital only"
457,Trust,app,"Unable to login repeatedly"
458,Trust,app,"app asking for notifications"
459,Trust,app,"Useful for business"
460,Trust,banking,"Trust aids interest earning"
461,Trust,app,"Unable to apply account via login"
462,Trust,app,"Request for local offers widget"
463,Trust,app,"Reliable, good speed"
464,Trust,app,"Unexpected gift in app"
465,Trust,app,"Singpass identification issue"
466,Trust,banking,"70 credit card applicant issue"
467,Trust,app,"Face ID not working"
468,Trust,bank,"Request for international transfers"
469,Trust,app,"Loves using simple app for card payments"
470,Trust,banking,"Waiting for card approval"
471,Trust,app,"Request for push notifications"
472,Trust,app,"Clean UX needs improvement"
473,Trust,banking,"3 month credit card wait"
474,Trust,app,"App slow to load data"
475,Trust,banking,"Voucher issued during first Trust transaction"
476,Trust,banking,"Unreliable communication"
477,Trust,app,"App can't open several weeks"
478,Trust,banking,"Login issue with Singpass"
479,Trust,banking,"Trying to apply for Trust bank SG saving account"
480,Trust,app,"Fails on phone change"
481,Trust,banking,"Agreed with earlier review on support staff issue"
482,Trust,app,"Easy, user-friendly apps praised"
483,Trust,app,"Two week old link issue"
484,Trust,app,"Likes perks while spending"
485,Trust,app,"Issue with coupon count"
486,Trust,app,"QR code scanning issue"
487,Trust,banking,"Helpline unreachable"
488,Trust,app,"No issues encountered"
489,Trust,banking,"Did not lose large amount"
490,Trust,app,"Savings account auto-application"
491,Trust,app,"App won't close notifications"
492,Trust,app,"User praises app for ease and speed"
493,Trust,banking,"Poor customer service"
494,Trust,app,"Missing phone number field"
495,Trust,app,"Best card recommendation"
496,Trust,app,"Unable to register PayNow account"
497,Trust,banking,"Difficulty contacting bank"
498,Trust,app,"Thanks comment"
499,Trust,app,"App not loading on ios16"
500,Trust,app,"App stuck on main page"
501,Trust,app,"Easy to use app"
502,Trust,app,"Uncertain notifications"
503,Trust,app,"Easy voucher redemption"
504,Trust,banking,"Credit card hold notification issue"
505,Trust,app,"Failed new account sign-up"
506,Trust,banking,"Disappointed with Trust"
507,Trust,app,"Lousy app, poor customer service, unspecified charges"
508,Trust,app,"Good, praises staff"
509,Trust,banking,"Unable to apply for card via myInfo"
510,Trust,banking,"scam request for deposit"
511,Trust,app,"Registration process error"
512,Trust,app,"Gen Z interest doubt"
513,Trust,app,"App fails, try again required"
514,Trust,app,"Unsuccessful sign-up process"
515,Trust,banking,"Returned from overseas, issue with transactions"
516,Trust,none,"Positive feedback"
517,Trust,app,"Used gojek integration positively"
518,Trust,app,"Customer compliments app"
519,Trust,app,"Positive comment on convenience"
520,Trust,banking,"Visited NTUC to apply for credit card"
521,Trust,signup,"Uncertain sign-up issue"
522,Trust,app,"Instant approval delay"
523,Trust,app,"App error message"
524,Trust,app,"Easy and fast app use"
525,Trust,banking,"Applied card last year, issue unknown"
526,Trust,app,"Unable to use Face ID"
527,Trust,app,"App pending status issue"
528,Trust,app,"No link for Ntuc application"
529,Trust,app,"Unable to load app for 2 weeks"
530,Trust,app,"Too many deals on one page"
531,Trust,app,"Error applying for saving account"
532,Trust,app,"Application process for credit card"
533,Trust,app,"Issue with new sign up"
534,Trust,app,"good bank"
535,Trust,app,"Not functioning post-update"
536,Trust,app,"Complimented free drink offer"
537,Trust,banking,"Credit card application issue"
538,Trust,app,"Convenient access to bank"
539,Trust,app,"Positive feedback"
540,Trust,banking,"Long processing time"
541,Trust,app,"App bot approval delay"
542,Trust,app,"Reliable app praised"
543,Trust,app,"App alleged to have fake support"
544,Trust,app,"Received unwanted email invitation"
545,Trust,app,"Loves onboarding"
546,Trust,app,"NTUC member praises card feature"
547,Trust,app,"Did not understand card registration"
548,Trust,banking,"Unable to login to account"
549,Trust,app,"App won't load"
550,Trust,app,"Sign up issue, missed coupon"
551,Trust,app,"App failed PayNow specs"
552,Trust,app,"Easy and useful app"
553,Trust,app,"Customer praises interest rates, no issue stated"
554,Trust,app,"New user login issue"
555,Trust,app,"Cannot open App post-download"
556,Trust,app,"User praises the app"
557,Trust,app,"App does not load on iPhone XS"
558,Trust,app,"App perceived as exclusive"
559,Trust,app,"Sign-up success, but unable to login"
560,Trust,new_account,"excited about new account opening"
561,Trust,app,"Positive sentiment"
562,Trust,app,"User finds app easy"
563,Trust,app,"Request for monthly statement download"
564,Trust,none,"Easy, fast trust bank"
565,Trust,bank,"Do not redeem at this branch"
566,Trust,bank,"Called line chat, no response"
567,Trust,app,"Reported bug, promised resolution"
568,Trust,app,"5-star praise, query about restaurant"
569,Trust,banking,"Vouchers already used"
570,Trust,app,"Request for customer service contact info"
571,Trust,app,"Slow and unhelpful"
572,Trust,app,"Cool appreciation"
573,Trust,banking,"Applied saving account, no response"
574,Trust,app,"Screen content not fully displayed"
575,Trust,app,"Game world takes long time to load"
576,Trust,app,"Difficult to use"
577,Trust,app,"Useless app"
578,Trust,app,"Terrible app, application issue"
579,Trust,app,"preferences for digital banks"
580,Trust,app,"Compliments functions"
581,Trust,banking,"App down, banking issues persist"
582,Trust,app,"Positive comment"
583,Trust,app,"App is smoother than before"
584,Trust,banking,"Waited over a month for issue resolution"
585,Trust,app,"User praises ease of use"
586,Trust,app,"App crashes"
587,Trust,none,"Good offers, free grocery"
588,Trust,bank,"Customer trusts the bank name"
589,Trust,banking,"trust in banking"
590,Trust,app,"Referred, long application process"
591,Trust,app,"Emojis cluttering app interface"
592,Trust,app,"Customer finds app cool"
593,Trust,app,"Multiple vouchers to use"
594,Trust,app,"App won't launch"
595,Trust,banking,"Registration not completed after one month"
596,Trust,none,"Friendly staff interaction"
597,Trust,app,"Loves seamless app"
598,Trust,app,"Good: Sending money"
599,Trust,banking,"Failing to retrieve data"
600,Trust,app,"Seamless first setup"
601,Trust,banking,"Application rejection"
602,Trust,app,"App showing pending transactions"
603,Trust,,"Good services provided"
604,Trust,app,"Positive feedback"
605,Trust,banking,"Unable to pay loan"
606,Trust,app,"Customer querying card colour"
607,Trust,app,"Positive app experience"
608,Trust,app,"Coupon usage issue"
609,Trust,app,"No issues reported"
610,Trust,app,"Unable to scan QR code for payment"
611,Trust,banking,"Credit card application issue"
612,Trust,app,"Convenient for children"
613,Trust,app,"User thanks the bank"
614,Trust,app,"Poor UX/UI, constant errors"
615,Trust,none,"Positive comment on service"
616,Trust,app,"Enjoyed canteen, not related"
617,Trust,app,"Cannot access app"
618,Trust,app,"App frequently crashes"
619,Trust,app,"Enthusiastic app compliment"
620,Trust,banking,"Savings account application denied"
621,Trust,app,"Positive comment"
622,Trust,banking,"Bank forgot customer"
623,Trust,app,"Complimentary comment"
624,Trust,banking,"Unable to login"
625,Trust,app,"easy banking experience"
626,Trust,app,"Customer praises deal"
627,Trust,app,"Positive feedback"
628,Trust,bank,"Wary of this bank"
629,Trust,app,"User finds app good"
630,Trust,app,"Positive comment on app"
631,Trust,None,"No problem stated"
632,Trust,app,"Great app"
633,Trust,app,"Account interface issue: Neng lyn"
634,Trust,app,"Convenient banking app"
635,Trust,app,"User finds app effective"
636,Trust,app,"App crashed, lost transactions"
637,Trust,app,"Easy to use interface"
638,Trust,app,"QR code payment issue"
639,Trust,bank,"Customer expresses concern to bank representatives"
640,Trust,banking,"Missing residential address"
641,Trust,banking,"Unable to use trust vouchers"
642,Trust,app,"Unable to login after sing-in change"
643,Trust,app,"Request for new app feature: pockets"
644,Trust,app,"Singpass login via QR issue"
645,Trust,banking,"Money transfer error"
646,Trust,banking,"Transactions fail despite approval"
647,Trust,banking,"Card not working since Dec"
648,Trust,app,"Limited chances"
649,Trust,app,"Positive comment about the app"
650,Trust,app,"Unable to login after changing phone using Singpass"
651,Trust,app,"Prompts download"
652,Trust,app,"Sending money effective"
653,Trust,app,"User finds app nice"
654,Trust,app,"Easy to use app"
655,Trust,banking,"Credit card app pending"
656,Trust,app,"Unable to open app since October, software update unhelpful"
657,Trust,app,"User requests QR code scan feature"
658,Trust,app,"App doesn't support QR code scanning"
659,Trust,app,"Switching feedback"
660,Trust,registration,"disappointing registration process"
661,Trust,app,"Easy savings account open"
662,Trust,app,"Friend's referral code issue"
663,Trust,banking,"Dangerous bank, unreachable support"
664,Trust,app,"Referral code promotion"
665,Trust,banking,"Paying credit card bill issue"
666,Trust,banking,"Stuck at login"
667,Trust,app,"Long chat link"
668,Trust,app,"Digital bank with vouchers offerings"
669,Trust,app,"No QR code payment"
670,Trust,app,"Referral code promotion"
671,Trust,app,"Newly enjoyed app features"
672,Trust,none,"Quick account opening"
673,Trust,app,"Friend forwarded suspicious link"
674,Trust,app,"User appreciates ease and features"
696,GXS,app,"Asks for finger ID repeatedly"
697,GXS,app,"Not recognizing installed app"
698,GXS,app,"Fingerprint login failed"
699,GXS,app,"First-time registration issue with Singpass"
700,GXS,app,"Requested to ignore previous rating"
701,GXS,banking,"Unable to process application"
702,GXS,app,"Logging issue"
703,GXS,banking,"Fingerprint login not functioning"
704,GXS,app,"Likes multiple pockets feature"
705,GXS,banking,"Fast transfers, quick repayment"
706,GXS,app,"Suggestion to save user inputs"
707,GXS,app,"Generic compliment"
708,GXS,none,"Positive feedback"
709,GXS,app,"Cannot open app"
710,GXS,banking,"Foreign currency application"
711,GXS,app,"Time-wasting app issue"
712,GXS,app,"Three hearts: love the app"
713,GXS,banking,"Long-term user dissatisfied"
714,GXS,app,"App facilitates saving"
715,GXS,app,"Login issue, forgot password feature"
716,GXS,app,"Four star review"
717,GXS,app,"Disappointed with gxbank app"
718,GXS,app,"Can't set phone password"
719,GXS,bank,"Sign up issue last year"
720,GXS,banking,"Unabled to login"
721,GXS,app,"Compliments app"
722,GXS,app,"Stuck on singpass page"
723,GXS,app,"Asking for Google Play availability"
724,GXS,app,"Sign up failure"
725,GXS,app,"Unable to login occasionally"
726,GXS,none,"Positive feedback"
727,GXS,app,"Buggy app, low interest rate"
728,GXS,banking,"Unable to log in"
729,GXS,app,"User found download frustrating"
730,GXS,app,"Easy and fast app use"
731,GXS,app,"Unable to open GXS app"
732,GXS,app,"Phone unavailable for use"
733,GXS,app,"Positive feedback"
734,GXS,app,"Easy loan, hassle-free payment"
735,GXS,bank,"Good digital savings account"
736,GXS,none,"Compliment on savings rate"
737,GXS,app,"Loving app experience"
738,GXS,app,"User finds app easy to use"
739,GXS,app,"App suddenly not working"
740,GXS,app,"Unsuccessful attempt"
741,GXS,app,"Unable to add feature after months"
742,GXS,banking,"Suspected scam"
743,GXS,banking,"Unable to log into GXS bank"
744,GXS,app,"Doubts about G&S bank integration"
745,GXS,app,"Asked to rate unprompted"
746,GXS,app,"Mentioned interest rates, not an issue"
747,GXS,app,"Outdated app request"
748,GXS,app,"Login fails with Sing Pass"
749,GXS,app,"Cannot set up account on Redmi 8T"
750,GXS,app,"Easy to use, clear info"
751,GXS,app,"Ease of use criticised, payment issues"
752,GXS,app,"Easy to use praise"
753,GXS,app,"Dumbest app, get own people"
754,GXS,banking,"Waiting since July to open account"
755,GXS,app,"Easy loan approval"
756,GXS,app,"User finds app hard to use"
757,GXS,bank,"Good interest rate praise"
758,GXS,app,"Compliment on efficiency"
759,GXS,app,"Easy to use app"
760,GXS,app,"User finds app difficult"
761,GXS,app,"Positive review"
762,GXS,banking,"Wants to transfer via bank account"
763,GXS,banking,"Dissatisfied with bank"
764,GXS,app,"User praises friendliness"
765,GXS,banking,"Displeased with bank interest rate"
766,GXS,banking,"Customer requesting higher interest rate"
767,GXS,app,"Misrepresentation of interest rates"
768,GXS,app,"Saving feature praised"
769,GXS,banking,"Account closed unexpectedly"
770,GXS,banking,"Faster loan process"
771,GXS,app,"App sucks"
772,GXS,app,"Unable to sign up, uninstall app"
773,GXS,app,"long log-in wait"
774,GXS,app,"Paynow qr issue"
775,GXS,banking,"Customer hoped to keep more money"
776,GXS,app,"Easy to use when needed"
777,GXS,banking,"Easy loan application, full amount given"
778,GXS,app,"Positive feedback"
779,GXS,app,"UI/UX praised"
780,GXS,app,"Good job comment"
781,GXS,app,"Compliments the app"
782,GXS,bank,"Many login attempts this year"
783,GXS,banking,"Can't save payments"
784,GXS,app,"Registration issue"
785,GXS,banking,"No debit card, lower interest"
786,GXS,app,"Login issue reported"
787,GXS,banking,"Late email response"
788,GXS,app,"Good savings idea, daily issue"
789,GXS,app,"Positive comment on app"
790,GXS,app,"Can't open GXS app"
791,GXS,app,"App keeps posting incorrect info"
792,GXS,app,"Unable to open app"
793,GXS,banking,"Unable to log into account since 7 Sept"
794,GXS,app,"Can't login to app"
795,GXS,app,"Error page issue"
796,GXS,app,"Unable to open the app"
797,GXS,app,"App won't open on certain devices"
798,GXS,banking,"False promise on interest rate change"
799,GXS,banking,"Login error"
800,GXS,app,"Unable to open app"
801,GXS,banking,"Unable to log in"
802,GXS,app,"Biometric authentication fails"
803,GXS,banking,"Sudden login failure"
804,GXS,app,"App won't open"
805,GXS,app,"Attempting to redo application, closed account"
806,GXS,banking,"Discovered reduction in services"
807,GXS,banking,"Rejection without explanation"
808,GXS,app,"Cannot log in, error message"
809,GXS,app,"Cannot open app"
810,GXS,app,"Zero chance of using"
811,GXS,app,"Failed installation"
812,GXS,app,"Unable to apply for loan"
813,GXS,banking,"Singaporean citizens only for loans"
814,GXS,app,"Unsatisfied with rates"
815,GXS,banking,"Request for lower interest rate change"
816,GXS,app,"Unable to open app"
817,GXS,app,"Bait and switch to standard chart"
818,GXS,app,"App error occurred"
819,GXS,app,"Sign up failure"
820,GXS,app,"Customer reports trolling behavior"
821,GXS,app,"Missing payee addition feature"
822,GXS,banking,"Deceiving public"
823,GXS,app,"Month-old app choice"
824,GXS,app,"Issue opening app"
825,GXS,banking,"Interest rate decrease"
826,GXS,banking,"2 week interest rate change"
827,GXS,banking,"Pending account issue"
828,GXS,app,"Easy setup"
829,GXS,app,"Trouble signing up"
830,GXS,app,"Positive feedback"
831,GXS,app,"Sees competition as positive"
832,GXS,app,"Incomplete details"
833,GXS,app,"Registration process not smooth"
834,GXS,app,"Unable to sign up"
835,GXS,app,"No SGQR support for payments"
836,GXS,app,"App keeps prompting user"
837,GXS,app,"App setup takes too long"
838,GXS,banking,"Cannot sign up for account"
839,GXS,banking,"Application rejection"
840,GXS,app,"Lousy application response"
841,GXS,signup,"Not transparent sign-up"
842,GXS,app,"All slots taken during sign up"
843,GXS,app,"Cannot open downloaded file"
844,GXS,app,"First screen issue"
845,GXS,app,"Unable to login or set up account"
846,GXS,app,"Wants to rate low"
847,GXS,app,"App outdated"
848,GXS,app,"Learning app navigation"
849,GXS,app,"App unclear, Singpass details missing"
850,GXS,app,"Buggy app, poor support"
851,GXS,app,"Positive: Setup, top up, pocket setup"
852,GXS,app,"Sign up failed with no reason"
853,GXS,app,"Scan QR feature malfunctioned"
854,GXS,app,"Sign up success but login issue"
855,GXS,app,"App error reported"
856,GXS,app,"Snappy, simple interface"
857,GXS,app,"Wants save payee feature"
858,GXS,app,"Easy to use, easy transfer"
859,GXS,app,"Easy registration"
860,GXS,app,"App can't auto start"
861,GXS,app,"Singpass screen freezes"
862,GXS,app,"Request for payee addition feature"
863,GXS,app,"Registration issue"
864,GXS,app,"App logs in forever"
865,GXS,app,"saw news about more slow updates"
866,GXS,app,"Positive comment"
867,GXS,app,"Cannot open downloaded app"
868,GXS,app,"Sign-up screen goes blank"
869,GXS,app,"Unable to sign up with Singpass"
870,GXS,app,"Time wasted downloading, repeated login issue"
871,GXS,app,"Freezes after login"
872,GXS,app,"Singpass approval issue"
873,GXS,app,"Needs better pull-down refresh"
874,GXS,app,"Easy-to-use app praise"
875,GXS,app,"App stalls at launch"
876,GXS,bank,"Received savings account email alert"
877,GXS,banking,"Multiple failed attempts"
878,GXS,app,"No web option, app required"
879,GXS,app,"Easy registration, clean UI"
880,GXS,app,"App downloads technical issues"
881,GXS,app,"Setup issue during account login"
882,GXS,app,"Crash on new account login"
883,GXS,app,"Singpass implementation issue"
884,GXS,banking,"Customer inquiring about loan approval process"
885,GXS,app,"Worst app experience, no resolution"
886,GXS,app,"App crashes frequently"
887,GXS,banking,"Request to delete personal data"
888,GXS,app,"Sleek, simple interface"
889,GXS,app,"Asked for info after sign up"
890,GXS,app,"Downloaded app few days ago"
891,GXS,app,"Misleading flexiloan ad"
892,GXS,app,"Can't load, prompted to set password"
893,GXS,app,"Easy to use compliment"
894,GXS,banking,"Applied for flexi loan"
895,Trust,none,"Positive feedback on trust"
896,Trust,banking,"Unable to process loan"
897,Trust,banking,"User can't adjust info credit"
898,Trust,none,"Good application, no issue mentioned"
899,Trust,app,"User praises best banking app"
900,Trust,,"Great trust bank app"
901,Trust,banking,"Compliments banking app"
902,Trust,app,"User praises bank app as useful"
903,Trust,app,"Compliments app as best and good"
904,Trust,app,"Useful banking app"
905,Trust,app,"Trustworthy app"
906,Trust,bank,"Digital bank backed by Trust"
907,Trust,banking,"Apology errors"
908,Trust,app,"User-friendly app praise"
909,Trust,banking,"Trust Bank iBanking enabled"
910,Trust,app,"Complimentary app review"
911,Trust,app,"Easy account application"
912,Trust,app,"Card unlock feature issue"
913,Trust,banking,"Can open online bank"
914,Trust,app,"Compliments safety"
915,Trust,app,"Positive feedback"
916,Trust,app,"Customer asking about Samsung Pay readiness"
917,Trust,app,"App not allowing user control over risk settings"
918,Trust,app,"User praises ease of use"
919,Trust,app,"User-friendly Trust Bank SG app"
920,Trust,banking,"Unable to add debit card"
921,Trust,app,"Customer praises loan speed"
922,Trust,banking,"Feels less safe with bank"
923,Trust,banking,"False transaction, unhelpful CS"
924,Trust,app,"App crashing frequently"
925,Trust,app,"Likes stampcard feature"
926,Trust,app,"App overwhelming"
927,Trust,new_user,"New user experience"
928,Trust,app,"App doesn't trust user"
929,Trust,banking,"Credit card issue warning"
930,Trust,app,"Unable to use without notifications"
931,Trust,app,"Cannot pay now"
932,Trust,app,"Positive: Easy access to savings features"
933,Trust,banking,"Overseas transaction unreliable"
934,Trust,banking,"Credit application issue"
935,Trust,none,"loving Trust Bank"
936,Trust,banking,"Bad customer care"
937,Trust,app,"Amazing UI/UX praise"
938,Trust,app,"Notifications needed for login"
939,Trust,app,"Received shopping discounts in app"
940,Trust,app,"Unclear usage instructions"
941,Trust,app,"Easy to use app"
942,Trust,none,"Compliments security"
943,Trust,app,"Positive feedback on app"
944,Trust,banking,"Cannot access singpass QR code"
945,Trust,app,"App crashing issue"
946,Trust,app,"Difficult to find important info"
947,Trust,app,"Forces relogin after updates"
948,Trust,banking,"Apologies for errors"
949,Trust,app,"Missing function"
950,Trust,none,"Positive comment"
951,Trust,app,"Easy-to-use app offers rewards"
952,Trust,bank,"Asked to go to branch after submitting docs"
953,Trust,app,"User found goof in the app"
954,Trust,banking,"Application scam suspected"
955,Trust,app,"In-app call to customer service"
956,Trust,app,"Easy to use app, no issues"
957,Trust,app,"Faster visa exchange rate access"
958,Trust,app,"Appreciative comment on design"
959,Trust,app,"Login failure"
960,Trust,app,"User expresses satisfaction with bank"
961,Trust,app,"App UI improved, no issue mentioned"
962,Trust,banking,"Unable to view statement"
963,Trust,app,"App alerts card issue"
964,Trust,app,"Requested support for Dashlane and Microsoft Authenticator"
965,Trust,app,"Scan-to-pay often unavailable"
966,Trust,app,"Transfer issue with App"
967,Trust,banking,"Can't transfer funds"
968,Trust,app,"Positive feedback"
969,Trust,app,"Cannot add card to Samsung Pay"
970,Trust,app,"App crashed during login"
971,Trust,banking,"Unhappy with trust app"
972,Trust,app,"App failed to open"
973,Trust,app,"Grudgingly downloaded"
974,Trust,app,"Appreciates cash back feature"
975,Trust,app,"Notification about deal"
976,Trust,app,"System improved, rewards suggested"
977,Trust,app,"Unable to download app"
978,Trust,app,"Used to sync with No..."
979,Trust,app,"App not recognizing trust"
980,Trust,app,"Request for whitelisting issue"
981,Trust,app,"Disagreement on purchase counting"
982,Trust,bank,"Flagged genuine transaction"
983,Trust,banking,"Money not sanctioned"
984,Trust,app,"Easy to use, good exchange rate"
985,Trust,app,"Irrelevant ads bother user"
986,Trust,bank,"Compares trust bank to others"
987,Trust,app,"Wasteful Trust bank SG app"
988,Trust,banking,"Good bank, processing issue"
989,Trust,banking,"app called fraudulent"
990,Trust,app,"App won't download"
991,Trust,app,"Dissatisfied user calls app dumb"
992,Trust,app,"Disappointed with app performance"
993,Trust,app,"One of the worst apps: many bugs"
994,Trust,app,"worst app experience"
995,Trust,app,"Asking for excessive security confirmation"
996,Trust,app,"App is slow, prone to crashes"
997,Trust,app,"Asks for transaction info often"
998,Trust,app,"Outdated, glitchy app"
999,Trust,app,"Worst app ever seen"
1000,Trust,app,"Worst app experience"
1001,Trust,app,"Disappointed with the app"
1002,Trust,app,"Don't trust: app annoying"
1003,Trust,app,"weird, unwanted app"
1004,Trust,app,"Worst app for money sharing"
1005,Trust,app,"Very bad application"
1006,Trust,app,"Very bad application"
1007,Trust,app,"Login issues persist"
1008,Trust,app,"Below average app theme"
1009,Trust,app,"worst app ever"
1010,Trust,app,"App performance issue"
1011,Trust,app,"Transaction handling issues"
1012,Trust,app,"Disliked app, seems bad"
1013,Trust,banking,"worst banking app"
1014,Trust,app,"Worst app ever"
1015,Trust,app,"App not functioning properly"
1016,Trust,app,"Buggy interface sends money"
1017,Trust,app,"User finds app bad"
1018,Trust,banking,"Bank involved in scandals"
1019,Trust,app,"App not long-term"
1020,Trust,app,"Worst certility app ever"
1021,Trust,app,"Excessive ads, poor experience"
1022,Trust,app,"Feels important for security"
1023,Trust,app,"Bad application, sad user"
1024,Trust,app,"App intermittently not working"
1025,Trust,app,"Useless, unresponsive app"
1026,Trust,app,"New UI causing lag"
1027,Trust,banking,"Good rewards program"
1028,Trust,app,"User finds app easy to use"
1029,Trust,app,"Asks for re-login repeatedly"
1030,Trust,app,"Useless for transaction inquiries"
1031,Trust,app,"Prompted to re-setup app"
1032,Trust,app,"Good, but customer service"
1033,Trust,app,"Logout issue"
1034,Trust,banking,"Complaint about fraudulent attempts"
1035,Trust,none,"Compliment for best banking app"
1036,Trust,app,"Customer suspects Norton security as malware"
1037,Trust,banking,"Trust key malfunction blocks fund transfer"
1038,Trust,app,"asked to reset password multiple times"
1039,Trust,app,"Request for full name on card print"
1040,Trust,app,"App not responding after login"
1041,Trust,banking,"Credit card application error"
1042,Trust,app,"App not responding prompted"
1043,Trust,app,"Pin update issue"
1044,Trust,app,"Unclear contact info"
1045,Trust,app,"App kept requesting relogin"
1046,Trust,app,"Working well now"
1047,Trust,app,"Dissatisfied with app"
1048,Trust,banking,"Missing redemption history"
1049,Trust,app,"Scan and pay frequently fails"
1050,Trust,banking,"poor customer care"
1051,Trust,banking,"Unable to log into bank since 3 days"
1052,Trust,app,"Redeem starting voucher issue"
1053,Trust,app,"Competitive exchange rate comparison desired"
1054,Trust,banking,"Disappointed with Trust bank's services"
1055,Trust,app,"Fingerprint login issue"
1056,Trust,banking,"Wants to transfer to Uob Bank"
1057,Trust,banking,"Promising TrustBank concerns"
1058,Trust,bank,"Warning: reported as scam"
1059,Trust,banking,"Helpful staff during issue"
1060,Trust,app,"Easy savings account opening"
1061,Trust,app,"Login deletion issue"
1062,Trust,app,"App crashes on Android"
1063,Trust,app,"Horrible app, loan ads issue"
1064,Trust,app,"Easy use, good value"
1065,Trust,app,"Transaction issue"
1066,Trust,app,"Asks for repeated logins"
1067,Trust,app,"Customer asking about account transfer"
1068,Trust,app,"Enjoyable app, no issues mentioned"
1069,Trust,app,"App forced re-setup TWIC"
1070,Trust,app,"Functional, good promos"
1071,Trust,banking,"Long transaction confirmation"
1072,Trust,app,"Positive feedback"
1073,Trust,banking,"Forgotten card change"
1074,Trust,app,"Cannot uninstall app"
1075,Trust,app,"User finds app convenient"
1076,Trust,app,"Called support asked to re-apply update"
1077,Trust,app,"App keeps crashing after login"
1078,Trust,app,"Easy application process"
1079,Trust,app,"Login issues"
1080,Trust,app,"Nice app"
1081,Trust,app,"App security concerns expressed"
1082,Trust,app,"Notifications needed for login"
1083,Trust,app,"App crashes repeatedly"
1084,Trust,app,"Many deals in app"
1085,Trust,none,"Positive comment about the bank"
1086,Trust,app,"App intermittently not working"
1087,Trust,app,"Praises UI"
1088,Trust,app,"App crashes frequently"
1089,Trust,app,"Cannot open app after update"
1090,Trust,app,"Customer seeking bill payment help"
1091,Trust,app,"App shows incorrect exchange rate"
1092,Trust,app,"Phone conflict with voice rec"
1093,Trust,app,"Buggy app requests relogin"
